sourcebus, 0, 0
_hvmv_sub_lsb, 0, 0
hvmv_sub_48332, 0, 0
m1009763, 0, 0
l2673322, 0, 0
m1069148, 0, 0
l2673309, 0, 0
m1069588, 0, 0
l2804270, 0, 0
m3036164, 0, 0
l2935553, 0, 0
m1209749, 0, 0
l2748840, 0, 0
m1108264, 0, 0
m1108263, 0, 0
l3085398, 0, 0
m1026891, 0, 0
l3216367, 0, 0
m1069468, 0, 0
m1142800, 0, 0
m1142799, 0, 0
m1047592, 0, 0
p827512, 0, 0
m1047339, 0, 0
p895104, 0, 0
m1026915, 0, 0
m1026920, 0, 0
n1138596, 0, 0
l3254207, 0, 0
m1069464, 0, 0
p873787, 0, 0
n1144665, 0, 0
m1047515, 0, 0
n1137002, 0, 0
m1047707, 0, 0
l2729406, 0, 0
l2897768, 0, 0
l3649301, 0, 0
l3649302, 0, 0
l2970842, 0, 0
m1089113, 0, 0
m1047312, 0, 0
p893163, 0, 0
l2822871, 0, 0
m1026872, 0, 0
m1026312, 0, 0
l2973163, 0, 0
l3728038, 0, 0
l3728039, 0, 0
m1069567, 0, 0
m1069582, 0, 0
n1140830, 0, 0
l3216351, 0, 0
l2952007, 0, 0
l2861158, 0, 0
n1140827, 0, 0
m1026726, 0, 0
l2730106, 0, 0
n1142099, 0, 0
m1026658, 0, 0
l3172805, 0, 0
p895112, 0, 0
l3048962, 0, 0
l2991914, 0, 0
m1047503, 0, 0
m1047751, 0, 0
l2973154, 0, 0
l3010565, 0, 0
l2897775, 0, 0
m1125955, 0, 0
m1125957, 0, 0
m1069640, 0, 0
l2804269, 0, 0
m1026702, 0, 0
n1139551, 0, 0
n1136355, 0, 0
l2783231, 0, 0
l2748143, 0, 0
l3251854, 0, 0
m1069610, 0, 0
m1069600, 0, 0
m1069424, 0, 0
l2935549, 0, 0
p895089, 0, 0
l3235242, 0, 0
m1026795, 0, 0
n1140522, 0, 0
l3030199, 0, 0
m1125934, 0, 0
m1069189, 0, 0
l2860487, 0, 0
221_312488, 0, 0
m1089183, 0, 0
m1108464, 0, 0
l3102286, 0, 0
f739845, 0, 0
293471, 0, 0
p827499, 0, 0
n1139254, 0, 0
m1026657, 0, 0
m1026656, 0, 0
m1108299, 0, 0
m1108300, 0, 0
l3198355, 0, 0
l2805037, 0, 0
n1137994, 0, 0
m1069484, 0, 0
l2860504, 0, 0
l2860493, 0, 0
m1026783, 0, 0
m1026780, 0, 0
p895111, 0, 0
l2895496, 0, 0
n1140819, 0, 0
m1026700, 0, 0
m1089173, 0, 0
l2935551, 0, 0
m1026344, 0, 0
m1026364, 0, 0
l2879070, 0, 0
l3216345, 0, 0
m1069428, 0, 0
n1139257, 0, 0
l2991919, 0, 0
m1026361, 0, 0
n1147857, 0, 0
m1009742, 0, 0
q14412, 0, 0
m1047325, 0, 0
n1139263, 0, 0
l3048227, 0, 0
p827506, 0, 0
m1069469, 0, 0
m1027019, 0, 0
l2785522, 0, 0
l3216338, 0, 0
l2973146, 0, 0
m3037452, 0, 0
l2973164, 0, 0
l3120376, 0, 0
m1026925, 0, 0
m1047612, 0, 0
p828360, 0, 0
m1089195, 0, 0
l3141393, 0, 0
m1026946, 0, 0
m1026940, 0, 0
m1047471, 0, 0
l3216349, 0, 0
m1047401, 0, 0
l2748132, 0, 0
l3122820, 0, 0
l3141398, 0, 0
m1108360, 0, 0
l3048968, 0, 0
l2801950, 0, 0
m1069224, 0, 0
l2766746, 0, 0
m1027073, 0, 0
m1142873, 0, 0
m1069181, 0, 0
l2973151, 0, 0
l3179682, 0, 0
l2786274, 0, 0
l3066816, 0, 0
m1026667, 0, 0
m1108529, 0, 0
m1108532, 0, 0
l2766723, 0, 0
l3122822, 0, 0
l2673312, 0, 0
l3235247, 0, 0
m1166391, 0, 0
l3254873, 0, 0
l2861157, 0, 0
p901951, 0, 0
m1047346, 0, 0
m1047345, 0, 0
l2989596, 0, 0
l2822873, 0, 0
m1108328, 0, 0
l2875754, 0, 0
l2786204, 0, 0
m1209819, 0, 0
p901972, 0, 0
m1009726, 0, 0
m1047702, 0, 0
n1137001, 0, 0
l2767340, 0, 0
m3037449, 0, 0
m1047457, 0, 0
l2710546, 0, 0
l2674027, 0, 0
l2692633, 0, 0
n1142108, 0, 0
l2674051, 0, 0
m1069135, 0, 0
r18242, 0, 0
m1047534, 0, 0
n1136663, 0, 0
m1108508, 0, 0
l3097861, 0, 0
m1069560, 0, 0
l2973153, 0, 0
n1136998, 0, 0
l2898515, 0, 0
m1166387, 0, 0
m1047442, 0, 0
l3235250, 0, 0
m1142871, 0, 0
m1142874, 0, 0
l2955081, 0, 0
m1108315, 0, 0
l2973162, 0, 0
m1026333, 0, 0
m1009832, 0, 0
l2860479, 0, 0
m1026854, 0, 0
p901894, 0, 0
m1026485, 0, 0
m1026492, 0, 0
d6413567_3_int, 0, 0
e182724, 0, 0
n1139541, 0, 0
m4122658, 0, 0
l2933135, 0, 0
l2729414, 0, 0
l2729430, 0, 0
l2766742, 0, 0
m1026972, 0, 0
l2860483, 0, 0
l2860490, 0, 0
l3104134, 0, 0
m1089144, 0, 0
p827522, 0, 0
m1089118, 0, 0
l3048208, 0, 0
m1108505, 0, 0
l2955047, 0, 0
m1089148, 0, 0
l2766721, 0, 0
m1026745, 0, 0
l3029183, 0, 0
l2710512, 0, 0
m1047828, 0, 0
m1047342, 0, 0
l3197645, 0, 0
m1069192, 0, 0
l3235253, 0, 0
l3214071, 0, 0
m1125952, 0, 0
m1027101, 0, 0
l2860480, 0, 0
l2710517, 0, 0
m1026646, 0, 0
m1069662, 0, 0
l2935547, 0, 0
m1026931, 0, 0
l3216336, 0, 0
l3142049, 0, 0
m1108493, 0, 0
m1069169, 0, 0
l3010556, 0, 0
l2991933, 0, 0
l3122837, 0, 0
l2691936, 0, 0
l2897772, 0, 0
l3101814, 0, 0
l2766732, 0, 0
l2989564, 0, 0
m1126016, 0, 0
l3120534, 0, 0
m1026330, 0, 0
l2766726, 0, 0
p901912, 0, 0
l3195365, 0, 0
m1108381, 0, 0
l3254237, 0, 0
l2804262, 0, 0
l2841639, 0, 0
n1230123, 0, 0
l2708744, 0, 0
m1069519, 0, 0
p901927, 0, 0
l2897790, 0, 0
l2935566, 0, 0
l3216337, 0, 0
p901931, 0, 0
m1069548, 0, 0
m1010013, 0, 0
l3120503, 0, 0
m1089145, 0, 0
l3215385, 0, 0
m1026852, 0, 0
m1069420, 0, 0
l3157708, 0, 0
n1137991, 0, 0
m1108413, 0, 0
m1108460, 0, 0
p827532, 0, 0
m1047326, 0, 0
e182732, 0, 0
m1026760, 0, 0
l3048205, 0, 0
m1108361, 0, 0
m3036169, 0, 0
l2673317, 0, 0
l3178981, 0, 0
m1047368, 0, 0
n1136354, 0, 0
l2879794, 0, 0
m1142811, 0, 0
m1069565, 0, 0
l2785536, 0, 0
l3104114, 0, 0
m1009824, 0, 0
l2745848, 0, 0
l2673308, 0, 0
l2991939, 0, 0
l2916606, 0, 0
l2822864, 0, 0
m1142851, 0, 0
196_31070, 0, 0
m1209822, 0, 0
m1209823, 0, 0
m1069550, 0, 0
m1069551, 0, 0
l3141397, 0, 0
l3649299, 0, 0
m3772794, 0, 0
p895106, 0, 0
l3048887, 0, 0
m1047824, 0, 0
m1047834, 0, 0
m1069350, 0, 0
n1144668, 0, 0
l2879072, 0, 0
m1047441, 0, 0
m1108274, 0, 0
m1108269, 0, 0
l3235244, 0, 0
m1069398, 0, 0
n1147862, 0, 0
l2685805, 0, 0
m1069247, 0, 0
m1069248, 0, 0
l2786273, 0, 0
m1108278, 0, 0
l3254238, 0, 0
m1047303, 0, 0
m1047633, 0, 0
l2897554, 0, 0
m1069627, 0, 0
l2897791, 0, 0
m1089097, 0, 0
m1108270, 0, 0
n1142101, 0, 0
l2936214, 0, 0
l3066810, 0, 0
l2897769, 0, 0
m1209758, 0, 0
m1209753, 0, 0
m1047528, 0, 0
l2858166, 0, 0
m1142843, 0, 0
l3081380, 0, 0
l2804272, 0, 0
l2841641, 0, 0
m1069393, 0, 0
m1069408, 0, 0
n1142104, 0, 0
m1108500, 0, 0
l3216348, 0, 0
l2841627, 0, 0
l2916599, 0, 0
m1047447, 0, 0
l2954349, 0, 0
l3235246, 0, 0
m1125911, 0, 0
l2711224, 0, 0
n1147863, 0, 0
l3122817, 0, 0
m1186061, 0, 0
l2861223, 0, 0
m1069130, 0, 0
l3085396, 0, 0
e182730, 0, 0
n1142109, 0, 0
m1069417, 0, 0
n1138597, 0, 0
m1026987, 0, 0
m1026990, 0, 0
m1142832, 0, 0
l3160865, 0, 0
l2673323, 0, 0
m1009809, 0, 0
l2822869, 0, 0
m1026808, 0, 0
m1047825, 0, 0
m1069731, 0, 0
n1140520, 0, 0
l2729410, 0, 0
l3178978, 0, 0
m1069384, 0, 0
l3066805, 0, 0
m4362181, 0, 0
m1047319, 0, 0
m1047318, 0, 0
l3216358, 0, 0
m1026826, 0, 0
m1108276, 0, 0
m1089198, 0, 0
m1089201, 0, 0
m1047763, 0, 0
n1136027, 0, 0
l3101827, 0, 0
m1108540, 0, 0
m1026335, 0, 0
l2804259, 0, 0
n1136357, 0, 0
m1047513, 0, 0
m1047507, 0, 0
m1142863, 0, 0
n1141480, 0, 0
m1125916, 0, 0
l2879767, 0, 0
l3066809, 0, 0
m1069487, 0, 0
m1142818, 0, 0
p829965, 0, 0
q14733, 0, 0
m1047568, 0, 0
m1047322, 0, 0
l2954338, 0, 0
m1047409, 0, 0
l2841648, 0, 0
m1089177, 0, 0
m1026951, 0, 0
l2954347, 0, 0
m4122657, 0, 0
l3027124, 0, 0
m1069419, 0, 0
m1069418, 0, 0
m1026824, 0, 0
p859694, 0, 0
m1047453, 0, 0
l2691948, 0, 0
p860892, 0, 0
n1139543, 0, 0
m1089205, 0, 0
n1134472, 0, 0
l2710542, 0, 0
m3032980, 0, 0
m3032977, 0, 0
m3763618, 0, 0
p1121282, 0, 0
l2917330, 0, 0
l2861222, 0, 0
m1047490, 0, 0
p1164481, 0, 0
m1069356, 0, 0
m1069363, 0, 0
p828359, 0, 0
l2878848, 0, 0
m1047486, 0, 0
l3177665, 0, 0
l2805036, 0, 0
l2692654, 0, 0
m1125929, 0, 0
m1047669, 0, 0
m1047672, 0, 0
m1125919, 0, 0
p829961, 0, 0
m1142819, 0, 0
p829960, 0, 0
p829979, 0, 0
m3036172, 0, 0
m1026883, 0, 0
m1026898, 0, 0
m1089143, 0, 0
l3141400, 0, 0
m1069481, 0, 0
p827507, 0, 0
m1026377, 0, 0
l3048210, 0, 0
e182722, 0, 0
m1026331, 0, 0
l3214055, 0, 0
m1108295, 0, 0
l2936279, 0, 0
m1026704, 0, 0
l2841634, 0, 0
m1047386, 0, 0
m1047379, 0, 0
m1089115, 0, 0
m1026486, 0, 0
m1026488, 0, 0
l3010570, 0, 0
p904451, 0, 0
221_282819, 0, 0
m1125968, 0, 0
p895107, 0, 0
n1136999, 0, 0
m1069412, 0, 0
l2879061, 0, 0
m1026947, 0, 0
m1142880, 0, 0
l2891575, 0, 0
m1026848, 0, 0
m1026847, 0, 0
l2897793, 0, 0
m1069521, 0, 0
m1069175, 0, 0
l3197637, 0, 0
l3197635, 0, 0
l2804257, 0, 0
l2860485, 0, 0
l3235945, 0, 0
l2842330, 0, 0
l2804254, 0, 0
m1047752, 0, 0
m1166370, 0, 0
m1166364, 0, 0
m3763619, 0, 0
m3037540, 0, 0
l2710509, 0, 0
l2763072, 0, 0
m4118754, 0, 0
m1089196, 0, 0
m1047484, 0, 0
l3010560, 0, 0
l3254219, 0, 0
l3254220, 0, 0
m1026648, 0, 0
m1026647, 0, 0
m1089112, 0, 0
l2691951, 0, 0
m1108433, 0, 0
228_1048090_1_int, 0, 0
m1026327, 0, 0
l2841636, 0, 0
l2990826, 0, 0
l2911069, 0, 0
l2948732, 0, 0
m1108260, 0, 0
m1108259, 0, 0
m1069312, 0, 0
p873800, 0, 0
m1186078, 0, 0
l2876797, 0, 0
r18241, 0, 0
l3254227, 0, 0
m3037455, 0, 0
l3217052, 0, 0
p827500, 0, 0
l2822861, 0, 0
m1047724, 0, 0
m1047722, 0, 0
d5534969_2_int, 0, 0
e182729, 0, 0
n1134477, 0, 0
m1166355, 0, 0
l2858200, 0, 0
m1047699, 0, 0
l2935554, 0, 0
m1047292, 0, 0
l2766750, 0, 0
l3649300, 0, 0
m1047733, 0, 0
l3066804, 0, 0
m3327098, 0, 0
l2691943, 0, 0
p829986, 0, 0
m1125904, 0, 0
n1139550, 0, 0
m1026307, 0, 0
l3085388, 0, 0
l3233413, 0, 0
l3122827, 0, 0
l2954355, 0, 0
p827576, 0, 0
n1139256, 0, 0
l2952003, 0, 0
n1136359, 0, 0
l3008237, 0, 0
m1089102, 0, 0
m1089096, 0, 0
p895102, 0, 0
m1125978, 0, 0
m1026706, 0, 0
n1140825, 0, 0
l3141399, 0, 0
m1069210, 0, 0
m3763624, 0, 0
p1121283, 0, 0
m1142839, 0, 0
l3067507, 0, 0
n1141478, 0, 0
m1142826, 0, 0
m1108334, 0, 0
l2692664, 0, 0
l2823544, 0, 0
226_23751, 0, 0
p827536, 0, 0
n1137999, 0, 0
l3027157, 0, 0
l2973155, 0, 0
m1186052, 0, 0
198_5320, 0, 0
l3216346, 0, 0
l2858163, 0, 0
m1047813, 0, 0
l2973149, 0, 0
l3086079, 0, 0
m1069574, 0, 0
l2710530, 0, 0
m1069285, 0, 0
m4113348, 0, 0
l2879074, 0, 0
m1026916, 0, 0
e193509, 0, 0
m1047794, 0, 0
m1047796, 0, 0
l3027116, 0, 0
l2929261, 0, 0
m1166375, 0, 0
p895080, 0, 0
l2973156, 0, 0
m1069311, 0, 0
m1069208, 0, 0
l2691945, 0, 0
n1140820, 0, 0
m1026468, 0, 0
p901909, 0, 0
m1026662, 0, 0
n1141473, 0, 0
m1026941, 0, 0
m1026942, 0, 0
n1137985, 0, 0
m1047713, 0, 0
m1047720, 0, 0
m1108298, 0, 0
196_36167, 0, 0
e183472, 0, 0
l2989566, 0, 0
m1010007, 0, 0
m1010004, 0, 0
p862322, 0, 0
m1089188, 0, 0
m1089189, 0, 0
l2972704, 0, 0
l3263051, 0, 0
n1139544, 0, 0
l2897776, 0, 0
n1230122, 0, 0
l2689726, 0, 0
m1142868, 0, 0
m1142869, 0, 0
l2767414, 0, 0
m1027027, 0, 0
l3270853, 0, 0
m1125982, 0, 0
m1069572, 0, 0
l3066826, 0, 0
m1166356, 0, 0
l2730187, 0, 0
l3122825, 0, 0
l2991920, 0, 0
n1134474, 0, 0
m1069496, 0, 0
l3122826, 0, 0
m1047358, 0, 0
l3142078, 0, 0
l2879752, 0, 0
p850072, 0, 0
221_311609, 0, 0
m1027023, 0, 0
l3122815, 0, 0
l2724120, 0, 0
m1069149, 0, 0
l2729429, 0, 0
l3215549, 0, 0
l2897800, 0, 0
l3027156, 0, 0
l2860481, 0, 0
n1140828, 0, 0
m1026708, 0, 0
m1126020, 0, 0
m1126023, 0, 0
m1026906, 0, 0
m1209824, 0, 0
m1209828, 0, 0
l3195315, 0, 0
m1069590, 0, 0
m1069595, 0, 0
m1027004, 0, 0
l2897765, 0, 0
m1047314, 0, 0
n1137961, 0, 0
l2876814, 0, 0
m1026834, 0, 0
m1008743, 0, 0
m1008742, 0, 0
p827525, 0, 0
m1026902, 0, 0
n1144663, 0, 0
m1089215, 0, 0
m1069467, 0, 0
m1047324, 0, 0
l2897780, 0, 0
m1069411, 0, 0
l2711226, 0, 0
l3101789, 0, 0
l2841616, 0, 0
m1089170, 0, 0
l2879062, 0, 0
n1139545, 0, 0
m1069174, 0, 0
n1140517, 0, 0
l3157718, 0, 0
l2727008, 0, 0
m1069629, 0, 0
l2691944, 0, 0
n1230121, 0, 0
m1069533, 0, 0
n1136356, 0, 0
m1142865, 0, 0
m1047526, 0, 0
n1136666, 0, 0
l2804253, 0, 0
m1209790, 0, 0
m1209788, 0, 0
p850400, 0, 0
l3029500, 0, 0
m1026764, 0, 0
m1108375, 0, 0
m1069217, 0, 0
l2954350, 0, 0
l2802481, 0, 0
l3214549, 0, 0
l2851933, 0, 0
l3207907, 0, 0
l2841619, 0, 0
m1108380, 0, 0
p904452, 0, 0
n1136995, 0, 0
m1047613, 0, 0
221_306687, 0, 0
l2916625, 0, 0
m1009724, 0, 0
m1009720, 0, 0
l2822862, 0, 0
d6019477_1_int, 0, 0
e182727, 0, 0
m1027043, 0, 0
m1026948, 0, 0
m1026949, 0, 0
m1089131, 0, 0
l3270854, 0, 0
m1209763, 0, 0
l3176661, 0, 0
l2970804, 0, 0
p827504, 0, 0
n1137957, 0, 0
l2936275, 0, 0
l2766722, 0, 0
l3142079, 0, 0
m3036162, 0, 0
m1026724, 0, 0
r18243, 0, 0
l2710504, 0, 0
m1142860, 0, 0
p895114, 0, 0
l3197652, 0, 0
p827575, 0, 0
m1069437, 0, 0
m1069620, 0, 0
l3270814, 0, 0
m1026378, 0, 0
l2897778, 0, 0
m1069532, 0, 0
l2785534, 0, 0
m1069147, 0, 0
l3066801, 0, 0
m1069556, 0, 0
p901932, 0, 0
l2691967, 0, 0
m1069504, 0, 0
m1166393, 0, 0
m1166395, 0, 0
l2766718, 0, 0
l3048206, 0, 0
m1047821, 0, 0
l2684420, 0, 0
p850080, 0, 0
221_311905, 0, 0
m1089204, 0, 0
l3157167, 0, 0
m1186072, 0, 0
m1186067, 0, 0
m1047432, 0, 0
l2879075, 0, 0
m3037537, 0, 0
l3231269, 0, 0
r42247, 0, 0
m1149233, 0, 0
m1108266, 0, 0
m1108265, 0, 0
m1069543, 0, 0
m1069535, 0, 0
m1126017, 0, 0
m1047711, 0, 0
m1047718, 0, 0
m1069136, 0, 0
m1009771, 0, 0
l2914323, 0, 0
m1069218, 0, 0
l2954351, 0, 0
m1026744, 0, 0
m1008752, 0, 0
m1008746, 0, 0
m1069457, 0, 0
e182745, 0, 0
n1139546, 0, 0
m1026363, 0, 0
l2897779, 0, 0
l2841626, 0, 0
l2711234, 0, 0
l2973178, 0, 0
m1149236, 0, 0
p829974, 0, 0
l3160862, 0, 0
l3104850, 0, 0
l2748130, 0, 0
l3083019, 0, 0
m1027080, 0, 0
l3085389, 0, 0
l2729405, 0, 0
p828362, 0, 0
n1136671, 0, 0
p901941, 0, 0
l3251799, 0, 0
m1026308, 0, 0
l2897764, 0, 0
m1009840, 0, 0
l2991901, 0, 0
n1134470, 0, 0
l3251808, 0, 0
l3139086, 0, 0
n1137992, 0, 0
196_29520, 0, 0
l3029501, 0, 0
m3036165, 0, 0
m1026857, 0, 0
m1026859, 0, 0
m1108311, 0, 0
l2898526, 0, 0
l3048965, 0, 0
l3216123, 0, 0
n1136996, 0, 0
m1069202, 0, 0
l2879073, 0, 0
m1089093, 0, 0
m1047786, 0, 0
l3048207, 0, 0
l3160868, 0, 0
l3082988, 0, 0
l2936211, 0, 0
n1140525, 0, 0
l3645809, 0, 0
p829962, 0, 0
m1142835, 0, 0
l3125349, 0, 0
n1138604, 0, 0
d5710794_3_int, 0, 0
e192860, 0, 0
l3254216, 0, 0
l2785511, 0, 0
l2897784, 0, 0
m1026496, 0, 0
p859135, 0, 0
m1027002, 0, 0
l2673313, 0, 0
m1047725, 0, 0
m1047728, 0, 0
m1047300, 0, 0
m1047299, 0, 0
l3122835, 0, 0
l3234185, 0, 0
l3065750, 0, 0
l2991943, 0, 0
l2952013, 0, 0
m1026701, 0, 0
m1026697, 0, 0
m1069730, 0, 0
l3159037, 0, 0
m1142833, 0, 0
p901913, 0, 0
n1140823, 0, 0
m1027066, 0, 0
l2841645, 0, 0
m1125959, 0, 0
m1125974, 0, 0
m1069191, 0, 0
m1108258, 0, 0
p829976, 0, 0
l2955078, 0, 0
n1147867, 0, 0
d5837361_8_int, 0, 0
m1026792, 0, 0
l2821010, 0, 0
m1125976, 0, 0
n1142112, 0, 0
p827496, 0, 0
221_240988, 0, 0
l3141411, 0, 0
p829956, 0, 0
d5535139_1_int, 0, 0
e183473, 0, 0
m1125997, 0, 0
m1047518, 0, 0
l2973160, 0, 0
n1134471, 0, 0
m1009838, 0, 0
l2801896, 0, 0
p827520, 0, 0
m1009784, 0, 0
m1009770, 0, 0
n1136669, 0, 0
l3103822, 0, 0
m3768670, 0, 0
p1123251, 0, 0
n1136994, 0, 0
l2729428, 0, 0
m1026926, 0, 0
n1138000, 0, 0
221_242079, 0, 0
l3011293, 0, 0
m1026777, 0, 0
l3233353, 0, 0
l3029506, 0, 0
l3010559, 0, 0
m1069213, 0, 0
l3178977, 0, 0
m1108534, 0, 0
p901934, 0, 0
p829796, 0, 0
n1142107, 0, 0
l2691965, 0, 0
l2785538, 0, 0
n1139259, 0, 0
l2710543, 0, 0
q1301, 0, 0
l3160872, 0, 0
p827509, 0, 0
m1047793, 0, 0
p827555, 0, 0
l2879069, 0, 0
l2955006, 0, 0
l2692600, 0, 0
l3029505, 0, 0
l2673318, 0, 0
m1026682, 0, 0
m1047424, 0, 0
l2691949, 0, 0
m1026699, 0, 0
l3085403, 0, 0
m4113345, 0, 0
l3235255, 0, 0
m1047316, 0, 0
m1026886, 0, 0
l3120484, 0, 0
l2879078, 0, 0
m1026681, 0, 0
l3232902, 0, 0
l3123509, 0, 0
m1209772, 0, 0
r20703, 0, 0
l2859403, 0, 0
m1026927, 0, 0
m1125914, 0, 0
l2917328, 0, 0
l2841635, 0, 0
l2766499, 0, 0
m1047444, 0, 0
m1108459, 0, 0
l2802480, 0, 0
l2691954, 0, 0
l3122849, 0, 0
l2764411, 0, 0
m1026907, 0, 0
l2729206, 0, 0
l2804957, 0, 0
l3048937, 0, 0
l2822872, 0, 0
l3235946, 0, 0
m1126005, 0, 0
m1009698, 0, 0
l3156034, 0, 0
l3254205, 0, 0
l3197647, 0, 0
m1026778, 0, 0
m1026844, 0, 0
n1147861, 0, 0
l2973833, 0, 0
m1166373, 0, 0
l2991902, 0, 0
m1008758, 0, 0
m1026734, 0, 0
l3065696, 0, 0
l2748780, 0, 0
m1125987, 0, 0
p901945, 0, 0
p901910, 0, 0
l3027122, 0, 0
m1108506, 0, 0
l2841637, 0, 0
n1139539, 0, 0
l2710520, 0, 0
m1089119, 0, 0
p827521, 0, 0
l3046854, 0, 0
m1047478, 0, 0
l2766716, 0, 0
n1137003, 0, 0
l2973171, 0, 0
l3085392, 0, 0
p875742, 0, 0
m1010008, 0, 0
l3784018, 0, 0
m1026703, 0, 0
l2973166, 0, 0
l3068944, 0, 0
m1047550, 0, 0
l2936270, 0, 0
l3086078, 0, 0
m1047593, 0, 0
m1047615, 0, 0
m1009855, 0, 0
l2748139, 0, 0
n1140832, 0, 0
l2841631, 0, 0
m1047819, 0, 0
l2916610, 0, 0
l2879076, 0, 0
m1089122, 0, 0
l2691939, 0, 0
m1069489, 0, 0
l2933120, 0, 0
m1069225, 0, 0
m1089120, 0, 0
l3645810, 0, 0
m3763623, 0, 0
l3649304, 0, 0
m1027042, 0, 0
l3178969, 0, 0
l2729401, 0, 0
l3235249, 0, 0
l2954348, 0, 0
l3066812, 0, 0
l2841622, 0, 0
m1209787, 0, 0
l2823611, 0, 0
196_35541, 0, 0
m1108317, 0, 0
m1047340, 0, 0
l2991923, 0, 0
m1026661, 0, 0
p827530, 0, 0
p827503, 0, 0
n1147865, 0, 0
l2895489, 0, 0
l2730163, 0, 0
m1089103, 0, 0
l3048196, 0, 0
l2673306, 0, 0
l2726973, 0, 0
m1047485, 0, 0
l2991640, 0, 0
m1089160, 0, 0
l3160101, 0, 0
m1125905, 0, 0
m1026950, 0, 0
m1026954, 0, 0
m1047558, 0, 0
n1136659, 0, 0
l2766741, 0, 0
m1069564, 0, 0
n1136361, 0, 0
m1047566, 0, 0
n1137995, 0, 0
n1145955, 0, 0
m1069461, 0, 0
p827574, 0, 0
m1069156, 0, 0
l3195356, 0, 0
n1137996, 0, 0
l3178979, 0, 0
l3254231, 0, 0
l3728042, 0, 0
l3728043, 0, 0
m1047723, 0, 0
m1047729, 0, 0
l2895461, 0, 0
l3029518, 0, 0
l2897807, 0, 0
l2785520, 0, 0
n1139542, 0, 0
221_308718, 0, 0
m1209750, 0, 0
l3254869, 0, 0
l2798067, 0, 0
m1047403, 0, 0
m1047404, 0, 0
l3102793, 0, 0
m1089141, 0, 0
n1139547, 0, 0
l2688693, 0, 0
l3048222, 0, 0
l3104117, 0, 0
221_311583, 0, 0
n1139250, 0, 0
l2690187, 0, 0
m1108412, 0, 0
m1026690, 0, 0
p873801, 0, 0
m1089138, 0, 0
l2841628, 0, 0
m1069364, 0, 0
l2689678, 0, 0
m1026463, 0, 0
l2692655, 0, 0
m1142821, 0, 0
p827508, 0, 0
n1144667, 0, 0
m1089162, 0, 0
l3029520, 0, 0
m1009655, 0, 0
p827528, 0, 0
l2991906, 0, 0
m1027056, 0, 0
l3066814, 0, 0
m1108398, 0, 0
m1108483, 0, 0
m1108486, 0, 0
m1026341, 0, 0
p827531, 0, 0
l2748133, 0, 0
l3085399, 0, 0
l2767342, 0, 0
m1125944, 0, 0
m1125947, 0, 0
l2710511, 0, 0
l2766719, 0, 0
p827549, 0, 0
n1140518, 0, 0
l2766728, 0, 0
m1069462, 0, 0
l3216342, 0, 0
m1027041, 0, 0
l2916607, 0, 0
l2710513, 0, 0
m1009839, 0, 0
l2973165, 0, 0
m1108501, 0, 0
m1108499, 0, 0
m1069227, 0, 0
l2785546, 0, 0
m1026810, 0, 0
m1108368, 0, 0
l3085393, 0, 0
l3178974, 0, 0
m1026774, 0, 0
m1026769, 0, 0
l3189189, 0, 0
l2821770, 0, 0
m1069555, 0, 0
l3252336, 0, 0
p829977, 0, 0
l2820556, 0, 0
m1047410, 0, 0
m1027001, 0, 0
m1047344, 0, 0
l3029499, 0, 0
221_282818, 0, 0
m1026830, 0, 0
p827511, 0, 0
p895105, 0, 0
n1142110, 0, 0
n1142111, 0, 0
l2991912, 0, 0
l3010569, 0, 0
m1047335, 0, 0
l3216368, 0, 0
l2879081, 0, 0
l3104144, 0, 0
l2916619, 0, 0
m1126031, 0, 0
l3179608, 0, 0
l2990098, 0, 0
m1108462, 0, 0
l2673326, 0, 0
m1142815, 0, 0
n1141477, 0, 0
n1139252, 0, 0
l3122812, 0, 0
m1166386, 0, 0
m1089163, 0, 0
n1142100, 0, 0
m1069456, 0, 0
l2897806, 0, 0
l2822865, 0, 0
l3195321, 0, 0
l3197646, 0, 0
m1026829, 0, 0
n1147859, 0, 0
l3139121, 0, 0
l2763153, 0, 0
e182726, 0, 0
l2766744, 0, 0
l3216370, 0, 0
226_23745, 0, 0
m1142828, 0, 0
l2674047, 0, 0
m3949157, 0, 0
l3727711, 0, 0
m1026329, 0, 0
m1026328, 0, 0
m1108355, 0, 0
m1108352, 0, 0
l3086002, 0, 0
n1134476, 0, 0
m1069284, 0, 0
p850401, 0, 0
d5502543_2_int, 0, 0
q14413, 0, 0
l3029503, 0, 0
n1140524, 0, 0
m1047792, 0, 0
l2876846, 0, 0
m1089165, 0, 0
l3216343, 0, 0
l2748144, 0, 0
l3010562, 0, 0
m1069557, 0, 0
m1047374, 0, 0
l3197629, 0, 0
m1089202, 0, 0
m1089203, 0, 0
m1026866, 0, 0
m1149235, 0, 0
l2766720, 0, 0
m1209791, 0, 0
p903354, 0, 0
m1026960, 0, 0
m3729981, 0, 0
l3011298, 0, 0
m1108524, 0, 0
n1136031, 0, 0
m1026722, 0, 0
l2991915, 0, 0
l2673320, 0, 0
m1047497, 0, 0
m1047755, 0, 0
m3037441, 0, 0
n1140824, 0, 0
m1026709, 0, 0
l3729298, 0, 0
l3727707, 0, 0
l3160123, 0, 0
l2897805, 0, 0
m1089094, 0, 0
m1125917, 0, 0
m1069154, 0, 0
l3197630, 0, 0
m1026343, 0, 0
m1069155, 0, 0
l2785523, 0, 0
l3141388, 0, 0
m1026786, 0, 0
m1026785, 0, 0
n1137958, 0, 0
m1026877, 0, 0
l2820583, 0, 0
m1108354, 0, 0
l2991911, 0, 0
n1136363, 0, 0
r18245, 0, 0
221_306686, 0, 0
l2970258, 0, 0
l2841632, 0, 0
regxfmr_190_8593, 0, 0
p1197121, 0, 0
l2805031, 0, 0
m1069226, 0, 0
l2860506, 0, 0
l2954346, 0, 0
l2879077, 0, 0
d5860423_3_int, 0, 0
190_8593, 0, 0
l3139366, 0, 0
m4362177, 0, 0
l2763812, 0, 0
l2951995, 0, 0
l3197638, 0, 0
m1026849, 0, 0
n1137993, 0, 0
l2860482, 0, 0
p901946, 0, 0
n1142105, 0, 0
m1026905, 0, 0
p827515, 0, 0
m1108520, 0, 0
l2804277, 0, 0
l2991913, 0, 0
l2933165, 0, 0
l3235273, 0, 0
l3029502, 0, 0
m1047780, 0, 0
l3066811, 0, 0
m1047732, 0, 0
n1137987, 0, 0
l3197661, 0, 0
l3122848, 0, 0
m1047580, 0, 0
m1108345, 0, 0
m1108347, 0, 0
d5655682_1_int, 0, 0
e182725, 0, 0
d5926308_3_int, 0, 0
l2860491, 0, 0
l2897770, 0, 0
l3104127, 0, 0
l2767343, 0, 0
l2786266, 0, 0
l2785512, 0, 0
p827529, 0, 0
n1136668, 0, 0
m1027114, 0, 0
l3195327, 0, 0
m1027121, 0, 0
m1027123, 0, 0
l3104157, 0, 0
p895409, 0, 0
d6138608_3_int, 0, 0
q14404, 0, 0
l2991927, 0, 0
m1089155, 0, 0
m1089158, 0, 0
m1026324, 0, 0
m1026323, 0, 0
l2804258, 0, 0
p829978, 0, 0
l2992656, 0, 0
l2936271, 0, 0
m1069544, 0, 0
l2916598, 0, 0
l2954344, 0, 0
l2897767, 0, 0
l2876796, 0, 0
m1047756, 0, 0
l3122810, 0, 0
m1108379, 0, 0
n1140822, 0, 0
l2860478, 0, 0
l2822858, 0, 0
l2841620, 0, 0
l3727709, 0, 0
l3727710, 0, 0
n1136667, 0, 0
196_29519, 0, 0
n1144666, 0, 0
m1125989, 0, 0
l2898495, 0, 0
l3179674, 0, 0
regxfmr_190_7361, 0, 0
m1069249, 0, 0
l2803194, 0, 0
m1186065, 0, 0
m1186064, 0, 0
d6231996_1_int, 0, 0
e206614, 0, 0
m1209776, 0, 0
m1209775, 0, 0
l2804261, 0, 0
l3178980, 0, 0
m1047835, 0, 0
m1047836, 0, 0
m1125962, 0, 0
l3123452, 0, 0
p893610, 0, 0
m1108302, 0, 0
p829797, 0, 0
l2841629, 0, 0
l3254218, 0, 0
l3778577, 0, 0
l2820531, 0, 0
l3626914, 0, 0
l2955077, 0, 0
m1166374, 0, 0
n1139552, 0, 0
p827533, 0, 0
n1139538, 0, 0
l3160098, 0, 0
m1089213, 0, 0
l2820590, 0, 0
l3104125, 0, 0
q14411, 0, 0
l3118855, 0, 0
l3231255, 0, 0
d5861005_2_int, 0, 0
m1027071, 0, 0
l3235241, 0, 0
l2729409, 0, 0
l2841624, 0, 0
l3235254, 0, 0
m1026855, 0, 0
m1026851, 0, 0
m1069466, 0, 0
m1069524, 0, 0
m1027091, 0, 0
m1027092, 0, 0
l2766747, 0, 0
p827560, 0, 0
l2822877, 0, 0
n1138598, 0, 0
m1009715, 0, 0
m1009705, 0, 0
l3198347, 0, 0
m1108489, 0, 0
m1108492, 0, 0
l3226771, 0, 0
l3189190, 0, 0
l2991918, 0, 0
l2954339, 0, 0
l3048200, 0, 0
l3160861, 0, 0
n1142098, 0, 0
m1047795, 0, 0
m1047552, 0, 0
l2804283, 0, 0
l2916627, 0, 0
l3029498, 0, 0
m1047773, 0, 0
l2973152, 0, 0
l2822870, 0, 0
m1166369, 0, 0
l2839305, 0, 0
l2710508, 0, 0
m1026861, 0, 0
m1026858, 0, 0
l3082992, 0, 0
m1010011, 0, 0
l3214069, 0, 0
m1026655, 0, 0
n1141475, 0, 0
l3197643, 0, 0
m1026339, 0, 0
m1108268, 0, 0
m1069310, 0, 0
m1047423, 0, 0
m1047420, 0, 0
m1069613, 0, 0
m1026823, 0, 0
l2879087, 0, 0
d5806920_1_int, 0, 0
m1027039, 0, 0
l3552667, 0, 0
m1026890, 0, 0
l2954357, 0, 0
m1069438, 0, 0
l2785530, 0, 0
l2822868, 0, 0
n1139264, 0, 0
p827523, 0, 0
m1027087, 0, 0
l2726983, 0, 0
l2821087, 0, 0
l2673310, 0, 0
l2936212, 0, 0
n1142106, 0, 0
l2936213, 0, 0
m1027011, 0, 0
m1209795, 0, 0
l2746587, 0, 0
n1147858, 0, 0
m1108378, 0, 0
m1047809, 0, 0
m1026805, 0, 0
l3120502, 0, 0
m1069526, 0, 0
l2673331, 0, 0
m1108490, 0, 0
m1009805, 0, 0
l3122816, 0, 0
l3160103, 0, 0
m1069503, 0, 0
n1134469, 0, 0
m1089200, 0, 0
l3027670, 0, 0
l2691941, 0, 0
m1125960, 0, 0
n1136367, 0, 0
m1069515, 0, 0
m1069131, 0, 0
p827534, 0, 0
m1069530, 0, 0
m1069184, 0, 0
l3159645, 0, 0
m1069632, 0, 0
p829957, 0, 0
l3160863, 0, 0
p829963, 0, 0
m1010014, 0, 0
n1137998, 0, 0
l3048199, 0, 0
l3067478, 0, 0
m1125994, 0, 0
m1047480, 0, 0
m1069483, 0, 0
l2841615, 0, 0
l2673305, 0, 0
m1047721, 0, 0
m1026366, 0, 0
l3104131, 0, 0
l2973167, 0, 0
m1027055, 0, 0
n1134475, 0, 0
l3067447, 0, 0
m1108350, 0, 0
l3139598, 0, 0
n1140829, 0, 0
l3085397, 0, 0
n1139540, 0, 0
l2748140, 0, 0
l3141412, 0, 0
m1069619, 0, 0
m1047769, 0, 0
l3197632, 0, 0
l2785524, 0, 0
p827495, 0, 0
l2991921, 0, 0
l2710510, 0, 0
l3197628, 0, 0
n1140831, 0, 0
n1136358, 0, 0
l3104119, 0, 0
l2842329, 0, 0
m1125961, 0, 0
l2973791, 0, 0
l3179650, 0, 0
p860843, 0, 0
m1026961, 0, 0
l2710516, 0, 0
l3160864, 0, 0
m1047623, 0, 0
l2748157, 0, 0
l3048212, 0, 0
l3122824, 0, 0
l2879089, 0, 0
l2937757, 0, 0
l3067448, 0, 0
193_46661, 0, 0
m1069390, 0, 0
l2897801, 0, 0
m1108527, 0, 0
m1009650, 0, 0
e203026, 0, 0
m1026779, 0, 0
l2973169, 0, 0
m1026953, 0, 0
q14734, 0, 0
l3197631, 0, 0
l2748127, 0, 0
m1209814, 0, 0
m1209811, 0, 0
l2729408, 0, 0
l3048228, 0, 0
l2991940, 0, 0
m1108395, 0, 0
l2728247, 0, 0
l2804271, 0, 0
l2916234, 0, 0
l2673316, 0, 0
n1138607, 0, 0
l3159448, 0, 0
l3048890, 0, 0
m1166402, 0, 0
l3010563, 0, 0
l2841623, 0, 0
m1125940, 0, 0
l2991908, 0, 0
l3178973, 0, 0
m1047826, 0, 0
m1047767, 0, 0
l2879068, 0, 0
l3066819, 0, 0
l3104853, 0, 0
221_311359, 0, 0
l3234149, 0, 0
n1139537, 0, 0
l2673346, 0, 0
l3254210, 0, 0
l2955005, 0, 0
m1108372, 0, 0
l2936268, 0, 0
l2688692, 0, 0
m1108286, 0, 0
l2804247, 0, 0
m1047744, 0, 0
l3178971, 0, 0
l3728040, 0, 0
l3728041, 0, 0
m1069509, 0, 0
l2766738, 0, 0
l3104128, 0, 0
l2673315, 0, 0
l3047289, 0, 0
l2785516, 0, 0
l3048963, 0, 0
d5799561_2_int, 0, 0
m1069199, 0, 0
l2785525, 0, 0
l3198356, 0, 0
l3197641, 0, 0
l2973161, 0, 0
e183493, 0, 0
m1125902, 0, 0
l3085402, 0, 0
m1026394, 0, 0
m1047768, 0, 0
p827554, 0, 0
l2991909, 0, 0
m1026736, 0, 0
m1026986, 0, 0
m1026997, 0, 0
m4118755, 0, 0
m1026978, 0, 0
m1026979, 0, 0
l3082981, 0, 0
l3235275, 0, 0
m1026347, 0, 0
l2915534, 0, 0
l2710519, 0, 0
m1026820, 0, 0
l3141403, 0, 0
l3197633, 0, 0
m1069500, 0, 0
m1069382, 0, 0
n1147866, 0, 0
l2710537, 0, 0
m1026935, 0, 0
m1108364, 0, 0
l2897789, 0, 0
m1026466, 0, 0
l3160878, 0, 0
l2917336, 0, 0
m1026977, 0, 0
p895082, 0, 0
l3214112, 0, 0
l3160104, 0, 0
l2973144, 0, 0
l2748152, 0, 0
m1108387, 0, 0
l2955055, 0, 0
l2991907, 0, 0
m1047812, 0, 0
m4350438, 0, 0
n1142103, 0, 0
l3104830, 0, 0
l3197626, 0, 0
m1047483, 0, 0
m4277837, 0, 0
l3160102, 0, 0
p827514, 0, 0
l3160793, 0, 0
n1147860, 0, 0
l3177881, 0, 0
d5835167_6_int, 0, 0
q14414, 0, 0
l3048221, 0, 0
l2748128, 0, 0
l2913406, 0, 0
m1069563, 0, 0
n1136360, 0, 0
m1166366, 0, 0
196_29518, 0, 0
l2805035, 0, 0
m1026713, 0, 0
l2991922, 0, 0
l3104145, 0, 0
m1027013, 0, 0
l3649298, 0, 0
m1047388, 0, 0
l3048211, 0, 0
l2766725, 0, 0
l2673311, 0, 0
l3008279, 0, 0
l2785537, 0, 0
p827498, 0, 0
n1136032, 0, 0
m1009834, 0, 0
221_240991, 0, 0
l3066817, 0, 0
l2673319, 0, 0
n1136993, 0, 0
l3104121, 0, 0
l3104113, 0, 0
l3104856, 0, 0
l2785518, 0, 0
m1108393, 0, 0
m1069494, 0, 0
l2745806, 0, 0
193_48013, 0, 0
l3157710, 0, 0
m1089176, 0, 0
m1089179, 0, 0
m1108257, 0, 0
m1108340, 0, 0
l2916605, 0, 0
196_29521, 0, 0
l2804245, 0, 0
n1140527, 0, 0
l3254915, 0, 0
l3727708, 0, 0
l3160105, 0, 0
l3235251, 0, 0
m1142798, 0, 0
m1142801, 0, 0
m1010016, 0, 0
l3251807, 0, 0
l2992657, 0, 0
m1069597, 0, 0
l3197653, 0, 0
l2991929, 0, 0
m3949154, 0, 0
l2895449, 0, 0
m1069463, 0, 0
l3086074, 0, 0
n1138595, 0, 0
m3036167, 0, 0
l3143999, 0, 0
m1069451, 0, 0
l3160115, 0, 0
l2935567, 0, 0
l3253570, 0, 0
n1137989, 0, 0
l3122814, 0, 0
l2935556, 0, 0
m1009651, 0, 0
n1141474, 0, 0
m1047737, 0, 0
m1026387, 0, 0
m1166361, 0, 0
l2692661, 0, 0
m1047522, 0, 0
n1136664, 0, 0
m1026320, 0, 0
l2879079, 0, 0
m1047649, 0, 0
l3216361, 0, 0
m1125913, 0, 0
l3048209, 0, 0
l2896685, 0, 0
l2748135, 0, 0
l2767409, 0, 0
m1166400, 0, 0
m1047435, 0, 0
l2970841, 0, 0
l3091052, 0, 0
n1137960, 0, 0
m1047309, 0, 0
l3215340, 0, 0
193_51796, 0, 0
m1069607, 0, 0
m1166398, 0, 0
l3142050, 0, 0
e184626, 0, 0
m1166377, 0, 0
l2989432, 0, 0
l3066830, 0, 0
m1209774, 0, 0
m1026693, 0, 0
l2991916, 0, 0
m1069365, 0, 0
l3235243, 0, 0
p827502, 0, 0
m1026970, 0, 0
l3727712, 0, 0
l3236011, 0, 0
l3198358, 0, 0
m1108316, 0, 0
l2860486, 0, 0
m1027000, 0, 0
l2916608, 0, 0
m1108514, 0, 0
l2673300, 0, 0
n1139255, 0, 0
d6108141_1_int, 0, 0
e206209, 0, 0
m1047521, 0, 0
l3030126, 0, 0
l3254870, 0, 0
l2915542, 0, 0
l3085401, 0, 0
l3010557, 0, 0
l3254213, 0, 0
m1069738, 0, 0
l2690941, 0, 0
l2748839, 0, 0
d5712486_1_int, 0, 0
e206210, 0, 0
l2876812, 0, 0
m1069497, 0, 0
n1144664, 0, 0
l3178972, 0, 0
n1147864, 0, 0
m3327097, 0, 0
l3448661, 0, 0
m1009828, 0, 0
l2766715, 0, 0
p827561, 0, 0
m1026705, 0, 0
p827573, 0, 0
l2972930, 0, 0
l2879067, 0, 0
l3235252, 0, 0
p827527, 0, 0
l2785517, 0, 0
221_559682, 0, 0
l3082993, 0, 0
m3016088, 0, 0
l3122821, 0, 0
d5867591_1_int, 0, 0
l2730108, 0, 0
m1008733, 0, 0
m1026354, 0, 0
m1026309, 0, 0
l2804260, 0, 0
l3085395, 0, 0
m1026767, 0, 0
l3141401, 0, 0
l3104120, 0, 0
m1026896, 0, 0
p860847, 0, 0
m1108344, 0, 0
m1108353, 0, 0
l2763811, 0, 0
l3235256, 0, 0
m3019248, 0, 0
m3021569, 0, 0
l3254230, 0, 0
l2814529, 0, 0
l2689727, 0, 0
l2860484, 0, 0
221_703009, 0, 0
l3150961, 0, 0
l2711225, 0, 0
l3030200, 0, 0
m1186063, 0, 0
l2879054, 0, 0
n1136661, 0, 0
l2689691, 0, 0
n1136353, 0, 0
l2820535, 0, 0
l2727795, 0, 0
m1166368, 0, 0
l3086098, 0, 0
l3030197, 0, 0
l2822867, 0, 0
d6049822_1_int, 0, 0
m1047323, 0, 0
m1089174, 0, 0
p827501, 0, 0
l3104859, 0, 0
l3101194, 0, 0
l2862616, 0, 0
m1069205, 0, 0
e182746, 0, 0
m1010015, 0, 0
l3066813, 0, 0
l2991910, 0, 0
m1108331, 0, 0
l2785531, 0, 0
l3179646, 0, 0
l3066818, 0, 0
l2954345, 0, 0
l2804255, 0, 0
m1108356, 0, 0
l2842390, 0, 0
p829975, 0, 0
l3160871, 0, 0
m1047338, 0, 0
l2691953, 0, 0
l2767408, 0, 0
l3728037, 0, 0
p895113, 0, 0
m1166396, 0, 0
m1166399, 0, 0
m1108507, 0, 0
l3108449, 0, 0
l3160109, 0, 0
p901936, 0, 0
m1108267, 0, 0
n1145956, 0, 0
l2729412, 0, 0
l3160107, 0, 0
l2897766, 0, 0
m1026798, 0, 0
l2952014, 0, 0
l2748125, 0, 0
l2673303, 0, 0
l2879753, 0, 0
l2914324, 0, 0
l2876847, 0, 0
m1047787, 0, 0
l2691942, 0, 0
m1026393, 0, 0
n1140821, 0, 0
l3189188, 0, 0
n1136365, 0, 0
m1069517, 0, 0
l3254228, 0, 0
n1137956, 0, 0
m1142814, 0, 0
l3217053, 0, 0
m1026357, 0, 0
l3178997, 0, 0
m1125903, 0, 0
m1069488, 0, 0
l2764412, 0, 0
n1136030, 0, 0
l2785513, 0, 0
m1209782, 0, 0
l3217056, 0, 0
m1009827, 0, 0
m1069201, 0, 0
m1047406, 0, 0
l2691947, 0, 0
m1047766, 0, 0
l3216344, 0, 0
p830058, 0, 0
m1089199, 0, 0
m1089197, 0, 0
n1140526, 0, 0
m3763620, 0, 0
l2729207, 0, 0
228_961799_3_int, 0, 0
m1108335, 0, 0
m1027036, 0, 0
l3010580, 0, 0
m1010003, 0, 0
p901933, 0, 0
l3141394, 0, 0
m1069465, 0, 0
l3104154, 0, 0
l3104155, 0, 0
d6047588_1_int, 0, 0
f739844, 0, 0
l3104130, 0, 0
l2841625, 0, 0
l3010566, 0, 0
m1027038, 0, 0
l2935568, 0, 0
m1047293, 0, 0
p901905, 0, 0
l2897777, 0, 0
l2860488, 0, 0
l3122811, 0, 0
l2897774, 0, 0
l3254211, 0, 0
m1069513, 0, 0
l2691938, 0, 0
l2804256, 0, 0
m1047688, 0, 0
l2822863, 0, 0
m1069505, 0, 0
m1047311, 0, 0
l2748158, 0, 0
l3254234, 0, 0
p903360, 0, 0
l3214064, 0, 0
n1140523, 0, 0
l2766724, 0, 0
m1069554, 0, 0
m1108526, 0, 0
n1139251, 0, 0
l3011229, 0, 0
m1166362, 0, 0
l3197639, 0, 0
l3085391, 0, 0
l2691952, 0, 0
l2897781, 0, 0
d6049825_1_int, 0, 0
e182748, 0, 0
l2691950, 0, 0
l2916609, 0, 0
m1069498, 0, 0
m1069499, 0, 0
l3104132, 0, 0
l2805034, 0, 0
l2822866, 0, 0
p827563, 0, 0
l3160100, 0, 0
l3085390, 0, 0
l2954361, 0, 0
e182744, 0, 0
l2801895, 0, 0
l2691973, 0, 0
m1047671, 0, 0
m1026984, 0, 0
m1209751, 0, 0
p827505, 0, 0
l3066829, 0, 0
l2879063, 0, 0
n1140528, 0, 0
l3649297, 0, 0
n1140817, 0, 0
n1136029, 0, 0
n1136028, 0, 0
n1139258, 0, 0
m1142875, 0, 0
m1026895, 0, 0
l2820528, 0, 0
n1138608, 0, 0
l3048230, 0, 0
n1139260, 0, 0
l2925506, 0, 0
l2729434, 0, 0
m1069549, 0, 0
l2970811, 0, 0
n1137988, 0, 0
p829798, 0, 0
l2841621, 0, 0
n1137986, 0, 0
n1141479, 0, 0
l3198348, 0, 0
l2876813, 0, 0
l3104118, 0, 0
l2748126, 0, 0
m1166394, 0, 0
l0247171, 0, 0
l3179607, 0, 0
l2861197, 0, 0
l3160896, 0, 0
l3067506, 0, 0
l3029497, 0, 0
l3047073, 0, 0
221_559681, 0, 0
l3104133, 0, 0
l3122819, 0, 0
l3048889, 0, 0
m1027068, 0, 0
l3235268, 0, 0
l3008232, 0, 0
m1149249, 0, 0
m1142808, 0, 0
m1027100, 0, 0
l3140238, 0, 0
l3235257, 0, 0
l3010564, 0, 0
l2691946, 0, 0
l3139103, 0, 0
m1026732, 0, 0
e182723, 0, 0
l3119793, 0, 0
m1047371, 0, 0
m1026807, 0, 0
n1140521, 0, 0
l3066807, 0, 0
n1138606, 0, 0
m1069335, 0, 0
n1142102, 0, 0
l2804956, 0, 0
m1047777, 0, 0
l3254212, 0, 0
l2820533, 0, 0
l2879055, 0, 0
m1047434, 0, 0
m1026665, 0, 0
l3232933, 0, 0
l3104115, 0, 0
l3086075, 0, 0
m1108484, 0, 0
l2822857, 0, 0
l3104126, 0, 0
p827542, 0, 0
m1209807, 0, 0
m1209805, 0, 0
l2989565, 0, 0
e182733, 0, 0
l2806553, 0, 0
l3122813, 0, 0
l2729411, 0, 0
l2935555, 0, 0
m3037453, 0, 0
l3215203, 0, 0
m1026812, 0, 0
l3122847, 0, 0
n1138594, 0, 0
m1026679, 0, 0
l3141396, 0, 0
l3066808, 0, 0
m3036170, 0, 0
n1136362, 0, 0
m1026773, 0, 0
l3195751, 0, 0
m1026660, 0, 0
l3085410, 0, 0
m1026670, 0, 0
l3178982, 0, 0
m1125988, 0, 0
l3197636, 0, 0
m1089132, 0, 0
l2876798, 0, 0
n1136660, 0, 0
l3104136, 0, 0
l3048888, 0, 0
d5587291_3_int, 0, 0
190_8581, 0, 0
l3197644, 0, 0
m1009843, 0, 0
l3251806, 0, 0
m1069516, 0, 0
l3251830, 0, 0
l2804249, 0, 0
l2935557, 0, 0
m1069250, 0, 0
l2690868, 0, 0
l3030204, 0, 0
l3179637, 0, 0
m1108262, 0, 0
m1108261, 0, 0
d5513564_1_int, 0, 0
e192201, 0, 0
r20185, 0, 0
l3181545, 0, 0
n1138603, 0, 0
l3178976, 0, 0
l3065665, 0, 0
l2785514, 0, 0
l2710536, 0, 0
l2936216, 0, 0
m1026969, 0, 0
l3048231, 0, 0
m1069328, 0, 0
d6198039_1_int, 0, 0
e206217, 0, 0
l2879071, 0, 0
l3029504, 0, 0
m1026796, 0, 0
p827553, 0, 0
l2804251, 0, 0
m1069133, 0, 0
l2764399, 0, 0
p895117, 0, 0
l2842383, 0, 0
l2745811, 0, 0
l2804252, 0, 0
l3066815, 0, 0
p895075, 0, 0
l2710544, 0, 0
n1140519, 0, 0
l3160117, 0, 0
l3029510, 0, 0
e182731, 0, 0
n1136658, 0, 0
l2730149, 0, 0
l2860500, 0, 0
l3216347, 0, 0
l2767341, 0, 0
e206211, 0, 0
n1134480, 0, 0
l3030203, 0, 0
l2879773, 0, 0
l2804282, 0, 0
n1137005, 0, 0
m1047574, 0, 0
l3225319, 0, 0
l3048201, 0, 0
m1126025, 0, 0
l2823545, 0, 0
l3160108, 0, 0
n1134478, 0, 0
l3029055, 0, 0
m1047577, 0, 0
m1209797, 0, 0
l3645811, 0, 0
l3254229, 0, 0
l2710521, 0, 0
m1009807, 0, 0
n1136672, 0, 0
l3253995, 0, 0
l2841638, 0, 0
l2860492, 0, 0
l2691959, 0, 0
l2973159, 0, 0
l2822859, 0, 0
l2973158, 0, 0
l2674052, 0, 0
m1125990, 0, 0
n1136366, 0, 0
l2916620, 0, 0
m1026472, 0, 0
m1026939, 0, 0
l3104124, 0, 0
l3233412, 0, 0
l3235266, 0, 0
l3235267, 0, 0
l3235248, 0, 0
l3217064, 0, 0
l3200222, 0, 0
l3729297, 0, 0
l3197625, 0, 0
l2917333, 0, 0
n1140516, 0, 0
m1209748, 0, 0
l3142099, 0, 0
l2898457, 0, 0
m1166376, 0, 0
l2842384, 0, 0
l2763407, 0, 0
d6023352_1_int, 0, 0
m1047750, 0, 0
l2708293, 0, 0
l3176656, 0, 0
m1047548, 0, 0
m1089185, 0, 0
l2748781, 0, 0
m1026695, 0, 0
n1140818, 0, 0
l2860501, 0, 0
m1209800, 0, 0
l2839332, 0, 0
l2954353, 0, 0
l2726974, 0, 0
l2785527, 0, 0
l2766729, 0, 0
m1069376, 0, 0
m1027005, 0, 0
l3176660, 0, 0
m1125943, 0, 0
m1026874, 0, 0
m1125969, 0, 0
l2673343, 0, 0
l2764436, 0, 0
d5565090_1_int, 0, 0
l3029495, 0, 0
n1134479, 0, 0
l2823592, 0, 0
l2933164, 0, 0
l2992624, 0, 0
l3232301, 0, 0
m1010017, 0, 0
l2858175, 0, 0
m1009820, 0, 0
l3045895, 0, 0
l2841618, 0, 0
m1209817, 0, 0
l2785547, 0, 0
221_311595, 0, 0
f739841, 0, 0
l0247160, 0, 0
l3122823, 0, 0
l3048966, 0, 0
m1142810, 0, 0
m1027109, 0, 0
l3101788, 0, 0
p903490, 0, 0
l2916603, 0, 0
l3160106, 0, 0
d5563942_4_int, 0, 0
q16483, 0, 0
m1069514, 0, 0
p850083, 0, 0
l3178988, 0, 0
l3010568, 0, 0
m1026356, 0, 0
l2989600, 0, 0
m1026487, 0, 0
m1069348, 0, 0
l2804248, 0, 0
l2729413, 0, 0
l2673314, 0, 0
l2785528, 0, 0
l2897773, 0, 0
l3010567, 0, 0
l2991917, 0, 0
l2766730, 0, 0
m1166407, 0, 0
m1008753, 0, 0
m1047419, 0, 0
m1089207, 0, 0
m1047572, 0, 0
m1108329, 0, 0
n1138599, 0, 0
l3217057, 0, 0
193_103041, 0, 0
l2785515, 0, 0
m1069206, 0, 0
l2729424, 0, 0
l2917359, 0, 0
m3037538, 0, 0
l3027133, 0, 0
l3197627, 0, 0
m1069187, 0, 0
l2748129, 0, 0
d6290228_6_int, 0, 0
q16642, 0, 0
n1136657, 0, 0
l3027671, 0, 0
m1108423, 0, 0
n1136665, 0, 0
l2710532, 0, 0
l2785526, 0, 0
l2857591, 0, 0
l2841630, 0, 0
l3312692, 0, 0
m1069495, 0, 0
l3179678, 0, 0
m1149225, 0, 0
r42246, 0, 0
l3632979, 0, 0
p841985, 0, 0
l3104796, 0, 0
n1141476, 0, 0
l2785519, 0, 0
l3104122, 0, 0
l3197618, 0, 0
e192258, 0, 0
d5534970_1_int, 0, 0
l2841633, 0, 0
l3254206, 0, 0
n1145954, 0, 0
p827580, 0, 0
l2955074, 0, 0
l2970845, 0, 0
l3010585, 0, 0
l2861219, 0, 0
l3104135, 0, 0
l3254203, 0, 0
l2954352, 0, 0
m1047400, 0, 0
l2842379, 0, 0
l2916617, 0, 0
n1136670, 0, 0
l2766727, 0, 0
l2727019, 0, 0
l2801909, 0, 0
m1047831, 0, 0
l2748131, 0, 0
l2729427, 0, 0
l2766717, 0, 0
l2879064, 0, 0
l3195318, 0, 0
l3254204, 0, 0
l2973148, 0, 0
l2801902, 0, 0
l2748146, 0, 0
n1139549, 0, 0
n1138593, 0, 0
l3197624, 0, 0
m1069558, 0, 0
l3197654, 0, 0
l2710505, 0, 0
l2879065, 0, 0
m1166358, 0, 0
l2898522, 0, 0
l2992556, 0, 0
196_35813, 0, 0
l3064514, 0, 0
l3141402, 0, 0
l2859391, 0, 0
l2860489, 0, 0
m1026989, 0, 0
m1209752, 0, 0
l2710514, 0, 0
l2726975, 0, 0
l3649306, 0, 0
l2767407, 0, 0
l2730107, 0, 0
m4113347, 0, 0
l3216339, 0, 0
d5472341_1_int, 0, 0
f739842, 0, 0
l2897792, 0, 0
m1026800, 0, 0
m1026797, 0, 0
l2729407, 0, 0
l3342743, 0, 0
l3122818, 0, 0
m1047430, 0, 0
l3048203, 0, 0
l2936276, 0, 0
l2860499, 0, 0
p827564, 0, 0
l3030205, 0, 0
l3008248, 0, 0
l2804250, 0, 0
l2954354, 0, 0
l2673321, 0, 0
l3197634, 0, 0
l3141389, 0, 0
l2935559, 0, 0
p895087, 0, 0
l3254217, 0, 0
l3101782, 0, 0
l2745799, 0, 0
l3082983, 0, 0
l2691966, 0, 0
n1136368, 0, 0
l3197642, 0, 0
l2973157, 0, 0
l2935550, 0, 0
d5865224_1_int, 0, 0
l3066821, 0, 0
m1009691, 0, 0
l3178975, 0, 0
m1069518, 0, 0
l2916618, 0, 0
l2710515, 0, 0
l3235258, 0, 0
l3141395, 0, 0
n1136997, 0, 0
l3104123, 0, 0
190_7361, 0, 0
l3645812, 0, 0
228_1353934_4_int, 0, 0
l3254214, 0, 0
d5686080_1_int, 0, 0
l2766749, 0, 0
l2692660, 0, 0
l2955076, 0, 0
m1125979, 0, 0
l3160114, 0, 0
l3235245, 0, 0
m1026876, 0, 0
l2785535, 0, 0
l2973150, 0, 0
l3160113, 0, 0
l2710518, 0, 0
l3195310, 0, 0
l3142098, 0, 0
m1026784, 0, 0
l2897771, 0, 0
l2917255, 0, 0
l3254215, 0, 0
l2989571, 0, 0
l3179699, 0, 0
l3029507, 0, 0
l2748124, 0, 0
d5958866_1_int, 0, 0
l2861218, 0, 0
l0247162, 0, 0
l2935552, 0, 0
l3216350, 0, 0
l3197660, 0, 0
m1026880, 0, 0
l2822860, 0, 0
l3101787, 0, 0
l3027132, 0, 0
l3179673, 0, 0
l2879092, 0, 0
l2803199, 0, 0
l3254208, 0, 0
m1027014, 0, 0
m1047433, 0, 0
l2991905, 0, 0
l2935560, 0, 0
l3085400, 0, 0
l2764403, 0, 0
m1108535, 0, 0
l2785521, 0, 0
l3216988, 0, 0
l3649305, 0, 0
l2983432, 0, 0
l3315860, 0, 0
m1125966, 0, 0
l2729423, 0, 0
d6140776_1_int, 0, 0
l2673307, 0, 0
l2685809, 0, 0
l3254209, 0, 0
l2860477, 0, 0
p827548, 0, 0
l3048946, 0, 0
l2839331, 0, 0
l2973180, 0, 0
l3066806, 0, 0
l2785529, 0, 0
l3177894, 0, 0
l2731712, 0, 0
l2917310, 0, 0
d5682346_3_int, 0, 0
l3085394, 0, 0
l3236004, 0, 0
l2879066, 0, 0
l3048214, 0, 0
l3120504, 0, 0
p827537, 0, 0
228_979371_2_int, 0, 0
l2785543, 0, 0
m1047837, 0, 0
l2916602, 0, 0
d6140778_1_int, 0, 0
l2766748, 0, 0
regxfmr_190_8581, 0, 0
l3104129, 0, 0
m1027110, 0, 0
l3047058, 0, 0
l2801949, 0, 0
l2710525, 0, 0
l3197640, 0, 0
l3010561, 0, 0
l3141390, 0, 0
d5746546_1_int, 0, 0
d5956499_2_int, 0, 0
l2823592_cap, 0, 0
q16642_cap, 0, 0
q16483_cap, 0, 0
hvmv_sub_hsb, 0, 0
regxfmr_hvmv_sub_lsb, 0, 0
x2804253a, 0, 0
x3254213b, 0, 0
x3216339b, 0, 0
x2954355a, 0, 0
x2861197c, 0, 0
x2842379a, 0, 0
x2841636b, 0, 0
x3047289a, 0, 0
x3047289b, 0, 0
x3047289c, 0, 0
x3085399c, 0, 0
x3085391b, 0, 0
x2897778a, 0, 0
x3197647a, 0, 0
x2936275b, 0, 0
x2729408b, 0, 0
x2673310a, 0, 0
x3048212a, 0, 0
x3104133a, 0, 0
x2879087a, 0, 0
x2710510c, 0, 0
x3122810b, 0, 0
x2954352c, 0, 0
x2729411a, 0, 0
x3178971a, 0, 0
x3254234b, 0, 0
x_293471a, 0, 0
x_293471b, 0, 0
x_293471c, 0, 0
x2860482a, 0, 0
x2763811c, 0, 0
x3251799a, 0, 0
x2898526c, 0, 0
x2897780b, 0, 0
x3027124c, 0, 0
x2954361b, 0, 0
x2745811c, 0, 0
x2841633a, 0, 0
x2917359a, 0, 0
x2748158a, 0, 0
x2955047a, 0, 0
x3122837c, 0, 0
x2804269b, 0, 0
x3157708c, 0, 0
x3179682c, 0, 0
x2822877b, 0, 0
x3141393c, 0, 0
x2897801a, 0, 0
x3217056a, 0, 0
x2936270a, 0, 0
x3235249a, 0, 0
x3217052c, 0, 0
x2916598a, 0, 0
x3048206a, 0, 0
x3141402c, 0, 0
x3235256a, 0, 0
x3178973a, 0, 0
x3197654a, 0, 0
x3066809c, 0, 0
x2766742b, 0, 0
x2991908a, 0, 0
x3065750b, 0, 0
x3085401a, 0, 0
x2729413a, 0, 0
x3254915b, 0, 0
x2748131b, 0, 0
x3066810c, 0, 0
x2973146b, 0, 0
x2973180b, 0, 0
x2973167b, 0, 0
x2841621c, 0, 0
x3123509c, 0, 0
x2841627a, 0, 0
x3235250b, 0, 0
x3728037a, 0, 0
x3142078b, 0, 0
x2879066b, 0, 0
x3235254c, 0, 0
x2917330a, 0, 0
x2914323b, 0, 0
x3197640c, 0, 0
x3179673c, 0, 0
x3048228c, 0, 0
x3104126c, 0, 0
x2990098a, 0, 0
x2879067a, 0, 0
x3176656a, 0, 0
x2710532c, 0, 0
x3160115b, 0, 0
x3103822c, 0, 0
x2805034a, 0, 0
x3157167a, 0, 0
x2916620a, 0, 0
x2916620b, 0, 0
x2916620c, 0, 0
x3027132a, 0, 0
x2822862c, 0, 0
x2937757c, 0, 0
x2860483b, 0, 0
x3048210a, 0, 0
x3312692a, 0, 0
x3251854a, 0, 0
x3085398b, 0, 0
x3254207a, 0, 0
x2729424a, 0, 0
x3066816a, 0, 0
x2785518c, 0, 0
x3029503c, 0, 0
x2748140a, 0, 0
x2891575c, 0, 0
x2842329c, 0, 0
x3254212b, 0, 0
x3198348a, 0, 0
x3178979c, 0, 0
x2879054a, 0, 0
x3085388b, 0, 0
x2991914c, 0, 0
x2785534b, 0, 0
x3122835b, 0, 0
x3085395a, 0, 0
x2879064a, 0, 0
x3066814b, 0, 0
x2821087a, 0, 0
x2860479b, 0, 0
x3728042a, 0, 0
x2935557a, 0, 0
x2822864c, 0, 0
x3235247a, 0, 0
x3251807a, 0, 0
x2804282c, 0, 0
x2935560c, 0, 0
x3104145b, 0, 0
x3086078a, 0, 0
x2860477a, 0, 0
x3645811c, 0, 0
x3102793b, 0, 0
x2991910b, 0, 0
x2710511a, 0, 0
x2860486c, 0, 0
x2935551c, 0, 0
x2729409b, 0, 0
x2973833b, 0, 0
x2897769c, 0, 0
x3216368c, 0, 0
x2860490a, 0, 0
x2861158c, 0, 0
x3141399c, 0, 0
x3122816b, 0, 0
x2992556c, 0, 0
x2897779c, 0, 0
x2970811a, 0, 0
x2991933c, 0, 0
x2729428a, 0, 0
x3254216a, 0, 0
x2897807b, 0, 0
x2898522a, 0, 0
x3048230c, 0, 0
x3195327a, 0, 0
x3047058a, 0, 0
x2673313b, 0, 0
x3649302a, 0, 0
x3729297a, 0, 0
x2858163a, 0, 0
x3214112b, 0, 0
x2685805a, 0, 0
x2991912a, 0, 0
x3140238a, 0, 0
x3066830b, 0, 0
x3160878c, 0, 0
x2916609c, 0, 0
x2876814a, 0, 0
x3197646b, 0, 0
x2973151a, 0, 0
x3197627c, 0, 0
x2764412a, 0, 0
x2766716c, 0, 0
x2991917b, 0, 0
x3254229b, 0, 0
x2935556b, 0, 0
x3197660b, 0, 0
x2989565a, 0, 0
x3645809c, 0, 0
x3086075b, 0, 0
x3122824a, 0, 0
x3216338b, 0, 0
x2729405b, 0, 0
x2823545a, 0, 0
x2916610b, 0, 0
x3177665a, 0, 0
x2803199a, 0, 0
x2803199b, 0, 0
x2803199c, 0, 0
x2691952a, 0, 0
x2748144a, 0, 0
x3029504b, 0, 0
x3197635b, 0, 0
x2724120c, 0, 0
x3235244a, 0, 0
x2804254a, 0, 0
x2820531b, 0, 0
x3254214b, 0, 0
x2691966b, 0, 0
x3122822a, 0, 0
x3197639a, 0, 0
x3120503a, 0, 0
x3216349b, 0, 0
x3027670b, 0, 0
x3085392c, 0, 0
x3010556a, 0, 0
x3232902a, 0, 0
x3101782a, 0, 0
x2766715b, 0, 0
x2970804c, 0, 0
x3178975b, 0, 0
x2841648a, 0, 0
x3029497c, 0, 0
x3029520b, 0, 0
x2766744b, 0, 0
x3029518b, 0, 0
x2936214a, 0, 0
x2954346b, 0, 0
x2879061b, 0, 0
x3141394b, 0, 0
x3142098b, 0, 0
x3645812c, 0, 0
x2916627a, 0, 0
x3066815c, 0, 0
x3179678b, 0, 0
x3254237a, 0, 0
x2710512b, 0, 0
x3104125b, 0, 0
x3010559a, 0, 0
x2897790c, 0, 0
x2711225c, 0, 0
x2766729a, 0, 0
x3235275b, 0, 0
x3728038a, 0, 0
x3048222c, 0, 0
x2841630c, 0, 0
x2991907a, 0, 0
x2973144c, 0, 0
x3178976a, 0, 0
x3159448a, 0, 0
x3231255c, 0, 0
x3197626c, 0, 0
x2802480b, 0, 0
x2823544a, 0, 0
x2841624b, 0, 0
x3101194c, 0, 0
x2841619c, 0, 0
x2861218c, 0, 0
x2710513b, 0, 0
x2879062c, 0, 0
x2879767b, 0, 0
x2766725c, 0, 0
x3141396c, 0, 0
x2879752b, 0, 0
x2991940c, 0, 0
x2673321a, 0, 0
x2673326b, 0, 0
x2925506c, 0, 0
x2730106c, 0, 0
x2820556a, 0, 0
x3235248c, 0, 0
x2822871b, 0, 0
x2955076a, 0, 0
x2955005b, 0, 0
x3254208c, 0, 0
x3178978a, 0, 0
x3235253a, 0, 0
x3235241c, 0, 0
x3197636b, 0, 0
x3066811b, 0, 0
x3632979a, 0, 0
x3086074c, 0, 0
x2674051a, 0, 0
x3178981b, 0, 0
x3046854b, 0, 0
x2860506b, 0, 0
x3048966c, 0, 0
x2822872b, 0, 0
x3214071c, 0, 0
x2786273b, 0, 0
x3104853c, 0, 0
x2973158c, 0, 0
x3216123a, 0, 0
x2860485b, 0, 0
x3235946a, 0, 0
x2973148a, 0, 0
x3066829c, 0, 0
x3085393c, 0, 0
x2673322b, 0, 0
x3263051c, 0, 0
x2860500b, 0, 0
x3048211a, 0, 0
x3728041a, 0, 0
x3048199b, 0, 0
x3104136b, 0, 0
x2916599a, 0, 0
x3104134c, 0, 0
x2954344c, 0, 0
x3142099b, 0, 0
x2710515c, 0, 0
x3011298c, 0, 0
x3066812a, 0, 0
x3141403a, 0, 0
x3120484c, 0, 0
x2860504a, 0, 0
x2766750c, 0, 0
x2879077b, 0, 0
x3159037b, 0, 0
x3160793c, 0, 0
x3233412a, 0, 0
x2841620b, 0, 0
x3253995c, 0, 0
x2936279c, 0, 0
x2804277c, 0, 0
x2860489a, 0, 0
x2690868c, 0, 0
x3176661c, 0, 0
x2766746c, 0, 0
x3189189b, 0, 0
x3048196b, 0, 0
x2879074a, 0, 0
x3067478a, 0, 0
x2766726b, 0, 0
x2936271a, 0, 0
x2917328b, 0, 0
x3160103c, 0, 0
x3448661b, 0, 0
x2991901b, 0, 0
x2860499b, 0, 0
x2726975b, 0, 0
x2673300b, 0, 0
x2730107c, 0, 0
x2916619b, 0, 0
x2710525c, 0, 0
x2804260b, 0, 0
x3197631a, 0, 0
x2973153a, 0, 0
x3122813a, 0, 0
x2935567b, 0, 0
x2917336c, 0, 0
x2954350c, 0, 0
x3234185b, 0, 0
x3160107a, 0, 0
x3141401a, 0, 0
x2972704c, 0, 0
x3197644a, 0, 0
x2897805a, 0, 0
x2766499c, 0, 0
x3104132a, 0, 0
x2989564b, 0, 0
x2991923a, 0, 0
x3217053c, 0, 0
x3216345b, 0, 0
x2766721a, 0, 0
x3119793b, 0, 0
x2821010a, 0, 0
x3104118c, 0, 0
x3160101a, 0, 0
x2692633c, 0, 0
x2691950c, 0, 0
x3160108b, 0, 0
x2822873b, 0, 0
x3048887b, 0, 0
x3254227b, 0, 0
x2992624a, 0, 0
x3226771a, 0, 0
x3086002c, 0, 0
x3045895c, 0, 0
x2973160b, 0, 0
x2764403a, 0, 0
x3122812b, 0, 0
x3176660b, 0, 0
x2991943c, 0, 0
x2691941c, 0, 0
x2983432a, 0, 0
x3215549b, 0, 0
x2955077c, 0, 0
x2973157a, 0, 0
x2691951c, 0, 0
x3030199c, 0, 0
x2692655c, 0, 0
x2785546a, 0, 0
x2935559a, 0, 0
x2972930a, 0, 0
x2822866b, 0, 0
x2748781a, 0, 0
x3645810c, 0, 0
x2879076c, 0, 0
x2841616a, 0, 0
x2935554a, 0, 0
x2879075a, 0, 0
x2839305a, 0, 0
x2879753b, 0, 0
x2748129a, 0, 0
x2991906a, 0, 0
x2804247b, 0, 0
x3195318b, 0, 0
x3048888c, 0, 0
x2935552c, 0, 0
x2876797a, 0, 0
x3085389b, 0, 0
x2916603b, 0, 0
x2710518a, 0, 0
x3160896c, 0, 0
x2897776c, 0, 0
x2913406b, 0, 0
x2991915b, 0, 0
x2711224b, 0, 0
x2897766c, 0, 0
x2897775c, 0, 0
x3029495b, 0, 0
x2911069b, 0, 0
x3197633a, 0, 0
x3066817a, 0, 0
x2879089c, 0, 0
x3195315a, 0, 0
x2785529c, 0, 0
x2992656a, 0, 0
x2692661a, 0, 0
x3160114a, 0, 0
x3082992a, 0, 0
x2710537b, 0, 0
x3254238b, 0, 0
x2862616c, 0, 0
x2785526b, 0, 0
x2915542a, 0, 0
x2915542b, 0, 0
x2915542c, 0, 0
x3122820a, 0, 0
x3029505c, 0, 0
x2785522b, 0, 0
x2710543c, 0, 0
x2917310b, 0, 0
x3082993a, 0, 0
x3729298a, 0, 0
x2990826a, 0, 0
x2990826b, 0, 0
x2990826c, 0, 0
x2897792a, 0, 0
x2804261c, 0, 0
x3189190a, 0, 0
x2689691a, 0, 0
x3195751a, 0, 0
x2785517c, 0, 0
x2916606c, 0, 0
x3254217c, 0, 0
x2841641b, 0, 0
x2804256b, 0, 0
x3122818c, 0, 0
x2691953a, 0, 0
x2692654a, 0, 0
x3235246b, 0, 0
x2955078a, 0, 0
x3139598b, 0, 0
x2763812c, 0, 0
x2767414c, 0, 0
x2991918b, 0, 0
x3008248a, 0, 0
x3160865a, 0, 0
x3029510b, 0, 0
x2748126c, 0, 0
x3216358a, 0, 0
x2936276b, 0, 0
x2729207c, 0, 0
x2897768c, 0, 0
x2917255c, 0, 0
x2933120c, 0, 0
x2684420b, 0, 0
x2766723a, 0, 0
x3104120b, 0, 0
x3066813b, 0, 0
x2822860b, 0, 0
x2933135a, 0, 0
x3649298a, 0, 0
x3104130b, 0, 0
x2785538a, 0, 0
x3122849b, 0, 0
x2879794a, 0, 0
x2879069a, 0, 0
x3104113a, 0, 0
x2861222a, 0, 0
x3141411c, 0, 0
x3178982a, 0, 0
x3029498c, 0, 0
x2952013a, 0, 0
x2860488b, 0, 0
x2691945c, 0, 0
x3214549a, 0, 0
x2710536a, 0, 0
x2804956a, 0, 0
x3160105c, 0, 0
x3010563a, 0, 0
x3649297a, 0, 0
x2823611a, 0, 0
x2860487c, 0, 0
x3197629b, 0, 0
x2691943b, 0, 0
x2673311a, 0, 0
x2767343c, 0, 0
x2879063b, 0, 0
x3254219c, 0, 0
x3197653b, 0, 0
x3251806b, 0, 0
x2673308b, 0, 0
x3254203b, 0, 0
x2814529a, 0, 0
x2814529b, 0, 0
x2814529c, 0, 0
x2823592a, 0, 0
x2766718c, 0, 0
x2727795c, 0, 0
x2955055b, 0, 0
x2766722b, 0, 0
x2804957c, 0, 0
x3010570a, 0, 0
x3649299a, 0, 0
x2766717c, 0, 0
x3254870c, 0, 0
x2801895b, 0, 0
x2673320b, 0, 0
x3198358b, 0, 0
x3064514c, 0, 0
x2729429a, 0, 0
x2785525c, 0, 0
x2860492c, 0, 0
x2973154a, 0, 0
x2691973a, 0, 0
x3085394c, 0, 0
x2897791b, 0, 0
x2726983a, 0, 0
x2711234b, 0, 0
x3178980c, 0, 0
x3728039a, 0, 0
x2786266a, 0, 0
x2954338b, 0, 0
x3254869b, 0, 0
x3198356c, 0, 0
x2730163c, 0, 0
x3048965b, 0, 0
x3010561a, 0, 0
x3160102b, 0, 0
x3066806c, 0, 0
x3216361b, 0, 0
x2879092c, 0, 0
x3104117c, 0, 0
x2935568b, 0, 0
x2710530b, 0, 0
x2841618a, 0, 0
x3728043a, 0, 0
x2897765b, 0, 0
x2804283a, 0, 0
x3150961c, 0, 0
x2859391b, 0, 0
x3254206b, 0, 0
x3104122a, 0, 0
x3254218a, 0, 0
x2804255b, 0, 0
x2766748a, 0, 0
x2691938b, 0, 0
x3027671a, 0, 0
x2860501b, 0, 0
x2897764b, 0, 0
x3068944b, 0, 0
x2897781a, 0, 0
x2748132a, 0, 0
x2766727b, 0, 0
x2954339b, 0, 0
x2673316a, 0, 0
x3649304a, 0, 0
x2710508b, 0, 0
x2710520a, 0, 0
x3010567c, 0, 0
x2876798b, 0, 0
x3253570c, 0, 0
x3216350a, 0, 0
x2804257b, 0, 0
x3048937c, 0, 0
x2748157a, 0, 0
x3008237c, 0, 0
x3235258a, 0, 0
x3235258b, 0, 0
x3235258c, 0, 0
x2766738c, 0, 0
x2691948b, 0, 0
x2674052c, 0, 0
x3160868b, 0, 0
x3048889c, 0, 0
x3236004c, 0, 0
x3235255b, 0, 0
x3067447a, 0, 0
x2989432b, 0, 0
x2973164a, 0, 0
x3010565c, 0, 0
x2689678b, 0, 0
x2748840b, 0, 0
x2989566b, 0, 0
x3141388c, 0, 0
x2673317a, 0, 0
x2822870c, 0, 0
x2745799c, 0, 0
x2786274c, 0, 0
x2897772a, 0, 0
x2935566c, 0, 0
x3091052a, 0, 0
x3010566c, 0, 0
x3104131a, 0, 0
x3216336a, 0, 0
x2858166a, 0, 0
x2748128c, 0, 0
x2673318c, 0, 0
x2973169a, 0, 0
x3160106a, 0, 0
x2842384c, 0, 0
x2767341c, 0, 0
x3189188c, 0, 0
x2710544a, 0, 0
x3160123a, 0, 0
x2991927b, 0, 0
x3122847a, 0, 0
x3008232b, 0, 0
x3179607b, 0, 0
x2673346c, 0, 0
x3104127b, 0, 0
x3195321a, 0, 0
x2673303c, 0, 0
x2895461a, 0, 0
x3027116a, 0, 0
x2992657a, 0, 0
x3104154c, 0, 0
x3010580b, 0, 0
x3727710a, 0, 0
x2692664c, 0, 0
x3215385a, 0, 0
x3215385b, 0, 0
x3215385c, 0, 0
x2860493a, 0, 0
x3177881c, 0, 0
x3727709a, 0, 0
x2785528b, 0, 0
x2973171b, 0, 0
x2785523c, 0, 0
x3649300a, 0, 0
x2748133c, 0, 0
x3233353a, 0, 0
x2785547b, 0, 0
x2897800b, 0, 0
x2991939b, 0, 0
x2948732b, 0, 0
x0247162b, 0, 0
x2879065b, 0, 0
x3104121a, 0, 0
x2763153a, 0, 0
x2766724c, 0, 0
x2805031c, 0, 0
x2805036b, 0, 0
x3197625c, 0, 0
x3142049c, 0, 0
x3342743c, 0, 0
x2785524c, 0, 0
x2973166c, 0, 0
x3225319b, 0, 0
x3270814a, 0, 0
x3122814c, 0, 0
x2897770c, 0, 0
x3197634b, 0, 0
x3030204a, 0, 0
x3102286b, 0, 0
x2801909c, 0, 0
x3122811a, 0, 0
x2822869a, 0, 0
x3086098a, 0, 0
x3120504a, 0, 0
x3727712a, 0, 0
x3101789a, 0, 0
x3254210c, 0, 0
x2730187a, 0, 0
x3216367b, 0, 0
x2710509c, 0, 0
x3066805a, 0, 0
x3197661c, 0, 0
x3179608c, 0, 0
x2916234a, 0, 0
x3085402a, 0, 0
x2875754c, 0, 0
x2860478b, 0, 0
x2766732b, 0, 0
x3198355b, 0, 0
x3065665a, 0, 0
x2897771b, 0, 0
x2785516b, 0, 0
x2729206c, 0, 0
x3195310a, 0, 0
x3232301c, 0, 0
x3048946c, 0, 0
x2861157c, 0, 0
x3029183b, 0, 0
x3085396a, 0, 0
x2748146a, 0, 0
x2691954b, 0, 0
x2895449c, 0, 0
x2991911c, 0, 0
x2785515c, 0, 0
x2804262a, 0, 0
x0247160b, 0, 0
x2785537a, 0, 0
x3122819c, 0, 0
x2804245b, 0, 0
x2879068b, 0, 0
x2767409b, 0, 0
x2685809a, 0, 0
x3197637c, 0, 0
x3066818b, 0, 0
x2763407c, 0, 0
x2711226b, 0, 0
x3160109b, 0, 0
x2710516a, 0, 0
x3197641a, 0, 0
x2954351c, 0, 0
x2804272b, 0, 0
x2785519a, 0, 0
x2955006c, 0, 0
x3104123c, 0, 0
x2729414a, 0, 0
x2729414b, 0, 0
x2729414c, 0, 0
x2692660a, 0, 0
x2897793a, 0, 0
x3235266c, 0, 0
x2915534a, 0, 0
x2804259a, 0, 0
x2764399b, 0, 0
x2822863c, 0, 0
x3217057a, 0, 0
x3215203a, 0, 0
x3215203b, 0, 0
x3215203c, 0, 0
x3048221a, 0, 0
x2767408c, 0, 0
x3122848c, 0, 0
x2841635a, 0, 0
x2973162b, 0, 0
x3122821b, 0, 0
x3123452c, 0, 0
x3029500a, 0, 0
x3216344b, 0, 0
x2748125c, 0, 0
x2785520b, 0, 0
x3104119a, 0, 0
x2710517a, 0, 0
x3048227a, 0, 0
x3048209b, 0, 0
x3216370a, 0, 0
x3216370b, 0, 0
x3216370c, 0, 0
x3066819a, 0, 0
x2673314c, 0, 0
x3197643b, 0, 0
x2803194c, 0, 0
x2916617b, 0, 0
x3778577c, 0, 0
x2991916b, 0, 0
x2897554c, 0, 0
x3141397b, 0, 0
x2916608c, 0, 0
x3082983b, 0, 0
x2804248b, 0, 0
x2841639a, 0, 0
x3197645a, 0, 0
x2730108c, 0, 0
x2897806c, 0, 0
x3178977c, 0, 0
x2841631c, 0, 0
x3235945c, 0, 0
x2748839b, 0, 0
x2989571a, 0, 0
x3552667c, 0, 0
x3216347c, 0, 0
x2897789b, 0, 0
x3160100b, 0, 0
x2973156b, 0, 0
x3048214a, 0, 0
x2766719a, 0, 0
x2729401b, 0, 0
x2991640c, 0, 0
x3139366a, 0, 0
x2728247a, 0, 0
x2728247b, 0, 0
x2728247c, 0, 0
x2673306c, 0, 0
x2954357a, 0, 0
x3141395c, 0, 0
x2876796a, 0, 0
x3197642c, 0, 0
x3254873c, 0, 0
x2822858b, 0, 0
x3728040a, 0, 0
x3157710b, 0, 0
x2710514b, 0, 0
x2763072b, 0, 0
x2710519a, 0, 0
x3727711a, 0, 0
x2691936a, 0, 0
x2841638c, 0, 0
x3254209c, 0, 0
x3010557a, 0, 0
x2820528c, 0, 0
x3251808a, 0, 0
x3649305a, 0, 0
x3157718a, 0, 0
x3010569a, 0, 0
x2785527a, 0, 0
x3047073c, 0, 0
x3649306a, 0, 0
x2973161a, 0, 0
x2688692b, 0, 0
x3254220c, 0, 0
x3141389a, 0, 0
x3197618a, 0, 0
x3143999a, 0, 0
x2691949b, 0, 0
x3066807c, 0, 0
x2876812a, 0, 0
x2841634b, 0, 0
x3235245c, 0, 0
x3104135a, 0, 0
x2952014a, 0, 0
x3048205c, 0, 0
x2861223b, 0, 0
x2936268c, 0, 0
x2879055c, 0, 0
x2690941b, 0, 0
x2897773a, 0, 0
x3104850c, 0, 0
x3139086b, 0, 0
x3727707a, 0, 0
x3030126c, 0, 0
x2879079b, 0, 0
x3066821a, 0, 0
x3254204a, 0, 0
x2748135a, 0, 0
x2841623a, 0, 0
x2954349b, 0, 0
x2801902b, 0, 0
x2729434b, 0, 0
x3048962a, 0, 0
x2857591a, 0, 0
x3048890c, 0, 0
x2936211c, 0, 0
x2820535b, 0, 0
x3097861c, 0, 0
x3141390b, 0, 0
x3141412a, 0, 0
x2991920a, 0, 0
x3160861c, 0, 0
x2876813a, 0, 0
x2729410c, 0, 0
x2841637c, 0, 0
x3122817c, 0, 0
x3086079b, 0, 0
x3179699b, 0, 0
x3085390b, 0, 0
x2897767c, 0, 0
x3104124b, 0, 0
x2804251a, 0, 0
x3066808c, 0, 0
x2897774b, 0, 0
x3104115b, 0, 0
x0247171b, 0, 0
x3214055c, 0, 0
x3104830c, 0, 0
x3254211b, 0, 0
x2729407b, 0, 0
x3027133a, 0, 0
x2691944a, 0, 0
x2745806c, 0, 0
x2878848c, 0, 0
x2991909a, 0, 0
x2726973a, 0, 0
x2691947a, 0, 0
x2952007c, 0, 0
x3198347c, 0, 0
x2916625b, 0, 0
x2820533a, 0, 0
x2785531a, 0, 0
x3120502a, 0, 0
x3252336b, 0, 0
x2954353a, 0, 0
x2673312a, 0, 0
x2766720a, 0, 0
x2879070b, 0, 0
x3179674b, 0, 0
x3029506b, 0, 0
x3216348a, 0, 0
x3048231b, 0, 0
x3065696a, 0, 0
x3178974b, 0, 0
x2916607c, 0, 0
x3197652a, 0, 0
x2691939b, 0, 0
x2858175a, 0, 0
x3085400c, 0, 0
x3178969b, 0, 0
x2748139b, 0, 0
x3235242c, 0, 0
x2729412a, 0, 0
x3082981c, 0, 0
x2766747a, 0, 0
x3179646b, 0, 0
x3235251c, 0, 0
x2766749b, 0, 0
x3010568a, 0, 0
x2991902b, 0, 0
x2954348a, 0, 0
x2860484b, 0, 0
x2879078a, 0, 0
x3649301a, 0, 0
x2804252a, 0, 0
x2783231b, 0, 0
x2710504b, 0, 0
x2935547b, 0, 0
x3048201b, 0, 0
x2804250c, 0, 0
x3081380a, 0, 0
x3172805a, 0, 0
x2822867b, 0, 0
x2991922a, 0, 0
x3010560b, 0, 0
x2785536b, 0, 0
x3160872c, 0, 0
x2973178b, 0, 0
x2731712b, 0, 0
x2841628a, 0, 0
x2748152b, 0, 0
x2916602a, 0, 0
x2929261a, 0, 0
x2710521a, 0, 0
x3142079b, 0, 0
x2879072b, 0, 0
x2729427b, 0, 0
x2954347b, 0, 0
x2767340a, 0, 0
x2767340b, 0, 0
x2767340c, 0, 0
x3104157c, 0, 0
x3122815b, 0, 0
x2916605c, 0, 0
x3234149a, 0, 0
x3234149b, 0, 0
x3234149c, 0, 0
x3160862c, 0, 0
x3233413b, 0, 0
x2822865c, 0, 0
x2879081a, 0, 0
x2691946b, 0, 0
x2806553c, 0, 0
x3254215c, 0, 0
x2951995c, 0, 0
x3197628c, 0, 0
x2673343b, 0, 0
x3160864b, 0, 0
x2730149c, 0, 0
x3160113b, 0, 0
x3010585a, 0, 0
x2766730b, 0, 0
x3160871c, 0, 0
x3104129a, 0, 0
x3254205c, 0, 0
x2785511a, 0, 0
x2822857b, 0, 0
x3067448c, 0, 0
x2955081a, 0, 0
x3235268c, 0, 0
x2842330c, 0, 0
x2821770a, 0, 0
x2691959b, 0, 0
x3011229a, 0, 0
x2936216c, 0, 0
x2879073c, 0, 0
x2935553b, 0, 0
x2748130b, 0, 0
x3085410b, 0, 0
x2916618b, 0, 0
x3010564c, 0, 0
x3217064b, 0, 0
x3048968c, 0, 0
x2673319c, 0, 0
x2897777c, 0, 0
x3784018a, 0, 0
x3141400a, 0, 0
x3235252b, 0, 0
x2764411c, 0, 0
x3030200c, 0, 0
x2746587c, 0, 0
x3010562b, 0, 0
x2896685a, 0, 0
x2896685b, 0, 0
x2896685c, 0, 0
x2748143a, 0, 0
x3216351a, 0, 0
x3156034a, 0, 0
x3104128a, 0, 0
x2673309c, 0, 0
x3104155c, 0, 0
x2729430b, 0, 0
x3197630a, 0, 0
x2860481c, 0, 0
x2973152b, 0, 0
x3160117b, 0, 0
x3197624b, 0, 0
x2708744b, 0, 0
x3067506c, 0, 0
x2841625c, 0, 0
x2785512b, 0, 0
x2673305b, 0, 0
x2860480b, 0, 0
x2914324a, 0, 0
x2766741a, 0, 0
x3178988b, 0, 0
x2729423c, 0, 0
x2991929b, 0, 0
x2767342a, 0, 0
x2936212a, 0, 0
x2861219b, 0, 0
x3120376a, 0, 0
x2991919a, 0, 0
x3066804a, 0, 0
x2935550c, 0, 0
x2691942b, 0, 0
x2842383a, 0, 0
x3160863c, 0, 0
x2935549b, 0, 0
x3027122a, 0, 0
x2673331b, 0, 0
x3254231a, 0, 0
x2785543b, 0, 0
x2970258c, 0, 0
x2748124b, 0, 0
x2879773a, 0, 0
x2841626c, 0, 0
x2991905a, 0, 0
x2822861a, 0, 0
x3216337a, 0, 0
x2674047c, 0, 0
x2691967b, 0, 0
x3626914c, 0, 0
x3177894a, 0, 0
x2690187b, 0, 0
x3122827a, 0, 0
x3315860b, 0, 0
x2973165a, 0, 0
x2691965b, 0, 0
x3216346a, 0, 0
x3235267c, 0, 0
x3066801c, 0, 0
x2898515c, 0, 0
x2804258b, 0, 0
x2954354a, 0, 0
x2802481a, 0, 0
x2710505b, 0, 0
x3104114b, 0, 0
x2798067b, 0, 0
x3122825a, 0, 0
x2710546b, 0, 0
x2879071b, 0, 0
x2785514a, 0, 0
x2898457a, 0, 0
x3727708a, 0, 0
x3216988b, 0, 0
x3197632b, 0, 0
x3178997c, 0, 0
x2785535b, 0, 0
x3216343c, 0, 0
x2748127a, 0, 0
x2673323c, 0, 0
x3104859b, 0, 0
x2859403a, 0, 0
x2954345c, 0, 0
x3160098a, 0, 0
x3254228b, 0, 0
x3101788a, 0, 0
x2785513a, 0, 0
x3231269b, 0, 0
x2991921c, 0, 0
x3122826a, 0, 0
x2842390c, 0, 0
x2991913a, 0, 0
x3104144a, 0, 0
x2804270b, 0, 0
x2917333a, 0, 0
x2673315a, 0, 0
x2688693c, 0, 0
x2841645c, 0, 0
x3048200b, 0, 0
x3048208a, 0, 0
x3067507c, 0, 0
x2804249c, 0, 0
x2936213b, 0, 0
x3215340a, 0, 0
x3118855c, 0, 0
x3085397b, 0, 0
x3104796c, 0, 0
x3108449a, 0, 0
x2673307c, 0, 0
x2973159a, 0, 0
x3101787a, 0, 0
x2785521c, 0, 0
x3235273b, 0, 0
x2692600c, 0, 0
x3179637c, 0, 0
x2729406c, 0, 0
x3029499a, 0, 0
x3179650b, 0, 0
x2748780a, 0, 0
x3141398a, 0, 0
x3085403a, 0, 0
x3236011b, 0, 0
x2710542b, 0, 0
x2801896b, 0, 0
x3029501b, 0, 0
x3159645a, 0, 0
x3125349c, 0, 0
x2973149b, 0, 0
x3030205c, 0, 0
x2841615a, 0, 0
x2767407b, 0, 0
x3139103a, 0, 0
x3011293a, 0, 0
x3011293b, 0, 0
x3011293c, 0, 0
x3181545c, 0, 0
x2935555a, 0, 0
x3048207b, 0, 0
x3160104b, 0, 0
x2851933a, 0, 0
x2851933b, 0, 0
x2851933c, 0, 0
x2897784b, 0, 0
x3207907a, 0, 0
x3207907b, 0, 0
x3207907c, 0, 0
x2726974b, 0, 0
x3029502a, 0, 0
x3178972c, 0, 0
x3029055b, 0, 0
x3029507b, 0, 0
x3254230a, 0, 0
x3030203c, 0, 0
x3048203b, 0, 0
x3048963b, 0, 0
x2674027b, 0, 0
x2973163b, 0, 0
x2955074a, 0, 0
x3216342b, 0, 0
x3235243c, 0, 0
x3214069c, 0, 0
x2841632b, 0, 0
x2822859b, 0, 0
x3142050c, 0, 0
x2973155a, 0, 0
x2973791a, 0, 0
x2841629c, 0, 0
x2822868a, 0, 0
x3122823b, 0, 0
x2952003b, 0, 0
x3104856a, 0, 0
x2786204c, 0, 0
x2841622a, 0, 0
x2973150a, 0, 0
x3066826b, 0, 0
x3197638a, 0, 0
x2785530a, 0, 0
x3082988b, 0, 0
x2860491a, 0, 0
x2860491b, 0, 0
sx2673305b, 0, 0
sx3048196b, 0, 0
sx2991911c, 0, 0
sx2973158c, 0, 0
sx3048208a, 0, 0
sx3029502a, 0, 0
sx3104125b, 0, 0
sx3160107a, 0, 0
sx2785516b, 0, 0
sx3141400a, 0, 0
sx2897775c, 0, 0
sx3010565c, 0, 0
sx2916609c, 0, 0
sx2879073c, 0, 0
sx3104126c, 0, 0
sx3029503c, 0, 0
sx2691950c, 0, 0
sx2691951c, 0, 0
sx2879076c, 0, 0
sx2841630c, 0, 0
sx2841629c, 0, 0
sx2785523c, 0, 0
sx3216347c, 0, 0
sx3141388c, 0, 0
sx3066801c, 0, 0
sx2879055c, 0, 0
sx2973144c, 0, 0
sx2785518c, 0, 0
sx2766717c, 0, 0
sx2673309c, 0, 0
sx3104113a, 0, 0
sx3104121a, 0, 0
sx2673310a, 0, 0
sx2916627a, 0, 0
sx2804283a, 0, 0
sx3104122a, 0, 0
sx2785519a, 0, 0
sx2748129a, 0, 0
sx2973151a, 0, 0
sx2748146a, 0, 0
sx2991913a, 0, 0
sx3235253a, 0, 0
sx2991907a, 0, 0
sx2879064a, 0, 0
sx3197637c, 0, 0
sx2860487c, 0, 0
sx2841638c, 0, 0
sx3235256a, 0, 0
sx3197630a, 0, 0
sx3104120b, 0, 0
sx2804251a, 0, 0
sx3254210c, 0, 0
sx3048206a, 0, 0
sx2710510c, 0, 0
sx3197628c, 0, 0
sx2766718c, 0, 0
sx3010556a, 0, 0
sx2710520a, 0, 0
sx2710521a, 0, 0
sx3085396a, 0, 0
sx3122813a, 0, 0
sx3254219c, 0, 0
sx3254220c, 0, 0
sx3104134c, 0, 0
sx2860490a, 0, 0
sx3254218a, 0, 0
sx3066818b, 0, 0
sx2785528b, 0, 0
sx2748130b, 0, 0
sx3254212b, 0, 0
sx2785520b, 0, 0
sx2729411a, 0, 0
sx2897781a, 0, 0
sx3197644a, 0, 0
sx3010566c, 0, 0
sx3236011b, 0, 0
sx3198358b, 0, 0
sx3104859b, 0, 0
sx2936275b, 0, 0
sx3179674b, 0, 0
sx2748840b, 0, 0
sx3142099b, 0, 0
sx3011298c, 0, 0
sx2711234b, 0, 0
sx3198355b, 0, 0
sx2879773a, 0, 0
sx2786274c, 0, 0
sx3179682c, 0, 0
sx2936270a, 0, 0
sx3086078a, 0, 0
sx3217056a, 0, 0
sx3217057a, 0, 0
sx2936268c, 0, 0
sx2823592a, 0, 0
sx3160863c, 0, 0
sx2730108c, 0, 0
sx2786204c, 0, 0
sx2936216c, 0, 0
sx3029498c, 0, 0
sx2991912a, 0, 0
sx3104128a, 0, 0
sx2673315a, 0, 0
sx2766721a, 0, 0
sx2991906a, 0, 0
sx2879054a, 0, 0
sx3254211b, 0, 0
sx2729407b, 0, 0
sx2691942b, 0, 0
sx3197629b, 0, 0
sx2879065b, 0, 0
sx0247160b, 0, 0
sx0247162b, 0, 0
sx2766732b, 0, 0
sx2897784b, 0, 0
sx0247171b, 0, 0
sx2936279c, 0, 0
sx3179678b, 0, 0
sx3179650b, 0, 0
sx2730107c, 0, 0
sx3048888c, 0, 0
sx3064514c, 0, 0
sx2861158c, 0, 0
sx2952007c, 0, 0
sx3254873c, 0, 0
sx2745811c, 0, 0
sx3142050c, 0, 0
sx2861157c, 0, 0
sx3086079b, 0, 0
sx2936276b, 0, 0
sx2861223b, 0, 0
sx3086075b, 0, 0
sx2730187a, 0, 0
sx3104856a, 0, 0
sx2861222a, 0, 0
sx2917330a, 0, 0
sx2879794a, 0, 0
sx2936271a, 0, 0
sx2955074a, 0, 0
sx3030199c, 0, 0
sx2730163c, 0, 0
sx2992624a, 0, 0
sx2692654a, 0, 0
sx2842379a, 0, 0
sx2805031c, 0, 0
sx3068944b, 0, 0
sx2767407b, 0, 0
sx2879767b, 0, 0
sx2711224b, 0, 0
sx3142098b, 0, 0
sx2748839b, 0, 0
sx2917310b, 0, 0
sx2861218c, 0, 0
sx2955081a, 0, 0
sx3160878c, 0, 0
sx2917336c, 0, 0
sx2674047c, 0, 0
sx3160865a, 0, 0
sx2767408c, 0, 0
sx3104853c, 0, 0
sx3254915b, 0, 0
sx3048963b, 0, 0
sx2711226b, 0, 0
sx3217052c, 0, 0
sx3217053c, 0, 0
sx3086074c, 0, 0
sx3067507c, 0, 0
sx2955078a, 0, 0
sx2955077c, 0, 0
sx3160872c, 0, 0
sx3198348a, 0, 0
sx2711225c, 0, 0
sx3030200c, 0, 0
sx3048962a, 0, 0
sx3160861c, 0, 0
sx3104850c, 0, 0
sx3251799a, 0, 0
sx2936211c, 0, 0
sx2842329c, 0, 0
sx3104796c, 0, 0
sx3236004c, 0, 0
sx3160896c, 0, 0
sx3123452c, 0, 0
sx3254869b, 0, 0
sx3030126c, 0, 0
sx2767341c, 0, 0
sx3254870c, 0, 0
sx3048887b, 0, 0
sx2955005b, 0, 0
sx3216988b, 0, 0
sx3179607b, 0, 0
sx2898457a, 0, 0
sx2767340a, 0, 0
sx2767340b, 0, 0
sx2767340c, 0, 0
sx3067478a, 0, 0
sx2730149c, 0, 0
sx2989566b, 0, 0
sx2973791a, 0, 0
sx3029055b, 0, 0
sx3067506c, 0, 0
sx2898515c, 0, 0
sx3198347c, 0, 0
sx3048946c, 0, 0
sx3048966c, 0, 0
sx2992656a, 0, 0
sx2973833b, 0, 0
sx2786266a, 0, 0
sx2917333a, 0, 0
sx2842383a, 0, 0
sx2842384c, 0, 0
sx3160871c, 0, 0
sx3030203c, 0, 0
sx3179673c, 0, 0
sx3048965b, 0, 0
sx2692660a, 0, 0
sx2805034a, 0, 0
sx2898522a, 0, 0
sx2692661a, 0, 0
sx3067448c, 0, 0
sx2935552c, 0, 0
sx2822864c, 0, 0
sx2822865c, 0, 0
sx2916605c, 0, 0
sx3085394c, 0, 0
sx2804250c, 0, 0
sx3048205c, 0, 0
sx3048228c, 0, 0
sx2935550c, 0, 0
sx2710509c, 0, 0
sx2822862c, 0, 0
sx3066806c, 0, 0
sx2916606c, 0, 0
sx3235243c, 0, 0
sx2786273b, 0, 0
sx2805036b, 0, 0
sx3178997c, 0, 0
sx3122849b, 0, 0
sx2766750c, 0, 0
sx2763153a, 0, 0
sx3104157c, 0, 0
sx_293471a, 0, 0
sx_293471b, 0, 0
sx_293471c, 0, 0
sx2748158a, 0, 0
sx3104133a, 0, 0
sx2673346c, 0, 0
sx3254238b, 0, 0
sx3048230c, 0, 0
sx2841637c, 0, 0
sx2897780b, 0, 0
sx3235255b, 0, 0
sx3216370a, 0, 0
sx3216370b, 0, 0
sx3216370c, 0, 0
sx2785527a, 0, 0
sx2766729a, 0, 0
sx3197641a, 0, 0
sx2973161a, 0, 0
sx2673306c, 0, 0
sx2785515c, 0, 0
sx2729429a, 0, 0
sx2841633a, 0, 0
sx3235258a, 0, 0
sx3235258b, 0, 0
sx3235258c, 0, 0
sx2729414a, 0, 0
sx2729414b, 0, 0
sx2729414c, 0, 0
sx2973167b, 0, 0
sx3189189b, 0, 0
sx3189188c, 0, 0
sx2935560c, 0, 0
sx2916610b, 0, 0
sx3216368c, 0, 0
sx3207907a, 0, 0
sx3207907b, 0, 0
sx3207907c, 0, 0
sx2973166c, 0, 0
sx2710532c, 0, 0
sx2860504a, 0, 0
sx3085403a, 0, 0
sx2954355a, 0, 0
sx3122827a, 0, 0
sx3195751a, 0, 0
sx2766724c, 0, 0
sx3197647a, 0, 0
sx2821010a, 0, 0
sx2895461a, 0, 0
sx2952014a, 0, 0
sx3010585a, 0, 0
sx3120502a, 0, 0
sx3101789a, 0, 0
sx3178982a, 0, 0
sx2841623a, 0, 0
sx3010563a, 0, 0
sx2766727b, 0, 0
sx3029507b, 0, 0
sx3197643b, 0, 0
sx3122823b, 0, 0
sx2766726b, 0, 0
sx2785526b, 0, 0
sx2973162b, 0, 0
sx3010570a, 0, 0
sx2991919a, 0, 0
sx3122824a, 0, 0
sx2860489a, 0, 0
sx3104131a, 0, 0
sx3048210a, 0, 0
sx2897778a, 0, 0
sx3104132a, 0, 0
sx3085402a, 0, 0
sx2804252a, 0, 0
sx3048214a, 0, 0
sx3235275b, 0, 0
sx2897779c, 0, 0
sx2804261c, 0, 0
sx3178980c, 0, 0
sx2973164a, 0, 0
sx2748132a, 0, 0
sx3254205c, 0, 0
sx3010569a, 0, 0
sx2673321a, 0, 0
sx2954354a, 0, 0
sx2710519a, 0, 0
sx3066819a, 0, 0
sx3029499a, 0, 0
sx2897772a, 0, 0
sx3122826a, 0, 0
sx2691953a, 0, 0
sx2860491a, 0, 0
sx2860491b, 0, 0
sx2991922a, 0, 0
sx2991923a, 0, 0
sx3085400c, 0, 0
sx3141399c, 0, 0
sx2954351c, 0, 0
sx3235266c, 0, 0
sx2841626c, 0, 0
sx2954350c, 0, 0
sx3178977c, 0, 0
sx3160105c, 0, 0
sx2691945c, 0, 0
sx3010567c, 0, 0
sx2841625c, 0, 0
sx2897776c, 0, 0
sx3254215c, 0, 0
sx3122819c, 0, 0
sx2748133c, 0, 0
sx3085399c, 0, 0
sx2879074a, 0, 0
sx3122820a, 0, 0
sx2710517a, 0, 0
sx3197639a, 0, 0
sx3160106a, 0, 0
sx3008248a, 0, 0
sx3235247a, 0, 0
sx2673312a, 0, 0
sx2691944a, 0, 0
sx2710516a, 0, 0
sx2804256b, 0, 0
sx2954347b, 0, 0
sx3178975b, 0, 0
sx3160100b, 0, 0
sx3085390b, 0, 0
sx2748152b, 0, 0
sx2729434b, 0, 0
sx2916608c, 0, 0
sx2673313b, 0, 0
sx2804257b, 0, 0
sx2860485b, 0, 0
sx2860506b, 0, 0
sx3122815b, 0, 0
sx3254213b, 0, 0
sx2785543b, 0, 0
sx3235248c, 0, 0
sx2764412a, 0, 0
sx3027132a, 0, 0
sx3101787a, 0, 0
sx3101788a, 0, 0
sx2876812a, 0, 0
sx2970811a, 0, 0
sx2916607c, 0, 0
sx3010564c, 0, 0
sx2710515c, 0, 0
sx2766746c, 0, 0
sx2691941c, 0, 0
sx3235241c, 0, 0
sx3104118c, 0, 0
sx2748126c, 0, 0
sx3235267c, 0, 0
sx2841645c, 0, 0
sx3066829c, 0, 0
sx3254203b, 0, 0
sx2860480b, 0, 0
sx3197624b, 0, 0
sx2822860b, 0, 0
sx3048199b, 0, 0
sx2710508b, 0, 0
sx3122810b, 0, 0
sx2897765b, 0, 0
sx2804248b, 0, 0
sx2785512b, 0, 0
sx2935553b, 0, 0
sx3048207b, 0, 0
sx2729427b, 0, 0
sx2748131b, 0, 0
sx2879066b, 0, 0
sx2973152b, 0, 0
sx2879068b, 0, 0
sx2860484b, 0, 0
sx3085397b, 0, 0
sx3066812a, 0, 0
sx3216344b, 0, 0
sx2860501b, 0, 0
sx3197632b, 0, 0
sx2710514b, 0, 0
sx3048203b, 0, 0
sx2860500b, 0, 0
sx3197660b, 0, 0
sx2897800b, 0, 0
sx3235246b, 0, 0
sx2710512b, 0, 0
sx2897791b, 0, 0
sx2916618b, 0, 0
sx3160113b, 0, 0
sx2804269b, 0, 0
sx2989564b, 0, 0
sx2897789b, 0, 0
sx2690941b, 0, 0
sx3234185b, 0, 0
sx3065750b, 0, 0
sx3159037b, 0, 0
sx2748124b, 0, 0
sx2710504b, 0, 0
sx2954346b, 0, 0
sx2710505b, 0, 0
sx3178974b, 0, 0
sx2691943b, 0, 0
sx2916603b, 0, 0
sx2804254a, 0, 0
sx2710513b, 0, 0
sx2973149b, 0, 0
sx3010562b, 0, 0
sx3254228b, 0, 0
sx2936213b, 0, 0
sx2692633c, 0, 0
sx3179646b, 0, 0
sx3104830c, 0, 0
sx3142078b, 0, 0
sx2879752b, 0, 0
sx2952003b, 0, 0
sx2990826a, 0, 0
sx2990826b, 0, 0
sx2990826c, 0, 0
sx3197626c, 0, 0
sx3066807c, 0, 0
sx3197627c, 0, 0
sx3216343c, 0, 0
sx3085393c, 0, 0
sx2897770c, 0, 0
sx2748128c, 0, 0
sx3085392c, 0, 0
sx3029497c, 0, 0
sx2673307c, 0, 0
sx2729406c, 0, 0
sx2897768c, 0, 0
sx2822863c, 0, 0
sx2841619c, 0, 0
sx2804282c, 0, 0
sx3104154c, 0, 0
sx2897806c, 0, 0
sx3216342b, 0, 0
sx2879063b, 0, 0
sx3048227a, 0, 0
sx3216367b, 0, 0
sx3010561a, 0, 0
sx2991939b, 0, 0
sx2673308b, 0, 0
sx3066808c, 0, 0
sx3141396c, 0, 0
sx3066810c, 0, 0
sx2897769c, 0, 0
sx2766749b, 0, 0
sx2973178b, 0, 0
sx3029518b, 0, 0
sx2935549b, 0, 0
sx3122811a, 0, 0
sx3254207a, 0, 0
sx2822877b, 0, 0
sx2841618a, 0, 0
sx3066805a, 0, 0
sx2785514a, 0, 0
sx3235244a, 0, 0
sx2785513a, 0, 0
sx3160101a, 0, 0
sx3010559a, 0, 0
sx3159448a, 0, 0
sx2973156b, 0, 0
sx3029501b, 0, 0
sx2691949b, 0, 0
sx3104127b, 0, 0
sx2897774b, 0, 0
sx2879061b, 0, 0
sx3066813b, 0, 0
sx2991910b, 0, 0
sx2879072b, 0, 0
sx3197635b, 0, 0
sx2804258b, 0, 0
sx3235250b, 0, 0
sx2954349b, 0, 0
sx2766722b, 0, 0
sx2879071b, 0, 0
sx3029504b, 0, 0
sx2691948b, 0, 0
sx2710546b, 0, 0
sx2785547b, 0, 0
sx3254214b, 0, 0
sx3160104b, 0, 0
sx3216349b, 0, 0
sx2879077b, 0, 0
sx2991916b, 0, 0
sx3235245c, 0, 0
sx2766716c, 0, 0
sx3254209c, 0, 0
sx3254204a, 0, 0
sx2841627a, 0, 0
sx3216348a, 0, 0
sx2691947a, 0, 0
sx2841648a, 0, 0
sx2973157a, 0, 0
sx3178978a, 0, 0
sx2879075a, 0, 0
sx3082992a, 0, 0
sx2728247a, 0, 0
sx2728247b, 0, 0
sx2728247c, 0, 0
sx3197633a, 0, 0
sx2879069a, 0, 0
sx3178971a, 0, 0
sx2973154a, 0, 0
sx2973155a, 0, 0
sx3122814c, 0, 0
sx2991908a, 0, 0
sx2860481c, 0, 0
sx2841621c, 0, 0
sx2804255b, 0, 0
sx2954345c, 0, 0
sx2935555a, 0, 0
sx2897773a, 0, 0
sx2748127a, 0, 0
sx3197631a, 0, 0
sx2935554a, 0, 0
sx2822866b, 0, 0
sx3178972c, 0, 0
sx3104123c, 0, 0
sx2973153a, 0, 0
sx3216123a, 0, 0
sx2972930a, 0, 0
sx3029506b, 0, 0
sx2785521c, 0, 0
sx3197661c, 0, 0
sx3216345b, 0, 0
sx2879070b, 0, 0
sx2973160b, 0, 0
sx3066815c, 0, 0
sx2897777c, 0, 0
sx2991914c, 0, 0
sx2822869a, 0, 0
sx2729410c, 0, 0
sx3197640c, 0, 0
sx2954353a, 0, 0
sx3160109b, 0, 0
sx3104136b, 0, 0
sx2822872b, 0, 0
sx3122821b, 0, 0
sx2860482a, 0, 0
sx3010560b, 0, 0
sx3104119a, 0, 0
sx2785517c, 0, 0
sx3066809c, 0, 0
sx2954344c, 0, 0
sx2897767c, 0, 0
sx3254208c, 0, 0
sx2748125c, 0, 0
sx2673303c, 0, 0
sx3104117c, 0, 0
sx3010568a, 0, 0
sx3029505c, 0, 0
sx2673318c, 0, 0
sx3178979c, 0, 0
sx3104129a, 0, 0
sx3141401a, 0, 0
sx2841632b, 0, 0
sx2748157a, 0, 0
sx2785537a, 0, 0
sx2691967b, 0, 0
sx2916620a, 0, 0
sx2916620b, 0, 0
sx2916620c, 0, 0
sx2766738c, 0, 0
sx3066814b, 0, 0
sx2820535b, 0, 0
sx2785534b, 0, 0
sx2691965b, 0, 0
sx2748144a, 0, 0
sx2897792a, 0, 0
sx2785538a, 0, 0
sx2897793a, 0, 0
sx3254231a, 0, 0
sx3254230a, 0, 0
sx2673331b, 0, 0
sx2935567b, 0, 0
sx2804272b, 0, 0
sx3160115b, 0, 0
sx3254227b, 0, 0
sx2860499b, 0, 0
sx3254229b, 0, 0
sx2822873b, 0, 0
sx3178988b, 0, 0
sx2785536b, 0, 0
sx3066826b, 0, 0
sx3197653b, 0, 0
sx2785535b, 0, 0
sx2916619b, 0, 0
sx2916617b, 0, 0
sx3122835b, 0, 0
sx2691966b, 0, 0
sx3104145b, 0, 0
sx2973171b, 0, 0
sx2804270b, 0, 0
sx3235273b, 0, 0
sx2729423c, 0, 0
sx2729424a, 0, 0
sx3160114a, 0, 0
sx3104144a, 0, 0
sx3197652a, 0, 0
sx3141394b, 0, 0
sx2804277c, 0, 0
sx3197625c, 0, 0
sx2785511a, 0, 0
sx2973148a, 0, 0
sx3160098a, 0, 0
sx2916602a, 0, 0
sx3231255c, 0, 0
sx3118855c, 0, 0
sx3085410b, 0, 0
sx2992556c, 0, 0
sx3198356c, 0, 0
sx3048968c, 0, 0
sx2767414c, 0, 0
sx3045895c, 0, 0
sx2692664c, 0, 0
sx2991901b, 0, 0
sx2673322b, 0, 0
sx2766730b, 0, 0
sx2689691a, 0, 0
sx2914323b, 0, 0
sx3048222c, 0, 0
sx3122837c, 0, 0
sx2991933c, 0, 0
sx2710525c, 0, 0
sx2673323c, 0, 0
sx2710542b, 0, 0
sx2766742b, 0, 0
sx3254234b, 0, 0
sx3104114b, 0, 0
sx2822857b, 0, 0
sx2691939b, 0, 0
sx2860478b, 0, 0
sx2822858b, 0, 0
sx3254206b, 0, 0
sx2766715b, 0, 0
sx2860479b, 0, 0
sx3178969b, 0, 0
sx2729401b, 0, 0
sx2804245b, 0, 0
sx3216338b, 0, 0
sx2691938b, 0, 0
sx2673326b, 0, 0
sx3251806b, 0, 0
sx3160108b, 0, 0
sx2841624b, 0, 0
sx2729409b, 0, 0
sx3029510b, 0, 0
sx2991927b, 0, 0
sx2954338b, 0, 0
sx3197634b, 0, 0
sx2729408b, 0, 0
sx2991909a, 0, 0
sx3085398b, 0, 0
sx2673314c, 0, 0
sx3122817c, 0, 0
sx3160102b, 0, 0
sx2822871b, 0, 0
sx2876813a, 0, 0
sx2952013a, 0, 0
sx2916598a, 0, 0
sx3048212a, 0, 0
sx2691973a, 0, 0
sx2954357a, 0, 0
sx2841639a, 0, 0
sx2804262a, 0, 0
sx2973165a, 0, 0
sx2785529c, 0, 0
sx3197646b, 0, 0
sx3141389a, 0, 0
sx3197618a, 0, 0
sx2691936a, 0, 0
sx3216336a, 0, 0
sx3216337a, 0, 0
sx2841615a, 0, 0
sx2954348a, 0, 0
sx3235249a, 0, 0
sx2916599a, 0, 0
sx3122816b, 0, 0
sx3160103c, 0, 0
sx2935556b, 0, 0
sx3104124b, 0, 0
sx2970804c, 0, 0
sx3176661c, 0, 0
sx3048937c, 0, 0
sx2804957c, 0, 0
sx2767343c, 0, 0
sx3179608c, 0, 0
sx3086002c, 0, 0
sx2842330c, 0, 0
sx3235945c, 0, 0
sx2955006c, 0, 0
sx2692600c, 0, 0
sx3235946a, 0, 0
sx3011229a, 0, 0
sx2767342a, 0, 0
sx2748780a, 0, 0
sx2823544a, 0, 0
sx3195321a, 0, 0
sx2823545a, 0, 0
sx3101782a, 0, 0
sx2936214a, 0, 0
sx3142049c, 0, 0
sx2804956a, 0, 0
sx2730106c, 0, 0
sx2936212a, 0, 0
sx3029495b, 0, 0
sx2804247b, 0, 0
sx3104115b, 0, 0
sx2954339b, 0, 0
sx3048200b, 0, 0
sx3216339b, 0, 0
sx3048201b, 0, 0
sx3141390b, 0, 0
sx2710537b, 0, 0
sx2673300b, 0, 0
sx3085388b, 0, 0
sx2822859b, 0, 0
sx2991902b, 0, 0
sx2991918b, 0, 0
sx2897764b, 0, 0
sx2860488b, 0, 0
sx2804260b, 0, 0
sx2973163b, 0, 0
sx3104130b, 0, 0
sx2879079b, 0, 0
sx2991917b, 0, 0
sx2841636b, 0, 0
sx3085389b, 0, 0
sx2673319c, 0, 0
sx2841631c, 0, 0
sx3216350a, 0, 0
sx3141402c, 0, 0
sx3197642c, 0, 0
sx2691952a, 0, 0
sx2879081a, 0, 0
sx2785530a, 0, 0
sx2766723a, 0, 0
sx3122822a, 0, 0
sx2766747a, 0, 0
sx2858163a, 0, 0
sx3216346a, 0, 0
sx3029500a, 0, 0
sx3156034a, 0, 0
sx3066821a, 0, 0
sx2748140a, 0, 0
sx3141412a, 0, 0
sx2991915b, 0, 0
sx2673320b, 0, 0
sx2841634b, 0, 0
sx2766720a, 0, 0
sx3235254c, 0, 0
sx2935566c, 0, 0
sx3141393c, 0, 0
sx3030204a, 0, 0
sx3160868b, 0, 0
sx2785524c, 0, 0
sx3235268c, 0, 0
sx3122825a, 0, 0
sx2991920a, 0, 0
sx2973146b, 0, 0
sx2935568b, 0, 0
sx2814529a, 0, 0
sx2814529b, 0, 0
sx2814529c, 0, 0
sx3122818c, 0, 0
sx3048209b, 0, 0
sx2841628a, 0, 0
sx2673316a, 0, 0
sx2748143a, 0, 0
sx2860477a, 0, 0
sx3066811b, 0, 0
sx2954352c, 0, 0
sx3160864b, 0, 0
sx3085401a, 0, 0
sx2766744b, 0, 0
sx2804259a, 0, 0
sx2860486c, 0, 0
sx2785522b, 0, 0
sx2897766c, 0, 0
sx3048889c, 0, 0
sx3048890c, 0, 0
sx2991921c, 0, 0
sx3011293a, 0, 0
sx3011293b, 0, 0
sx3011293c, 0, 0
sx3123509c, 0, 0
sx2841620b, 0, 0
sx2991929b, 0, 0
sx3160793c, 0, 0
sx2691946b, 0, 0
sx2991940c, 0, 0
sx3197636b, 0, 0
sx2991905a, 0, 0
sx3141395c, 0, 0
sx2748135a, 0, 0
sx2729412a, 0, 0
sx2839305a, 0, 0
sx3160123a, 0, 0
sx2822861a, 0, 0
sx2841616a, 0, 0
sx3122812b, 0, 0
sx2897771b, 0, 0
sx3178973a, 0, 0
sx3141411c, 0, 0
sx2710518a, 0, 0
sx3085391b, 0, 0
sx2955076a, 0, 0
sx2729430b, 0, 0
sx3142079b, 0, 0
sx2955055b, 0, 0
sx2879753b, 0, 0
sx2842390c, 0, 0
sx2710511a, 0, 0
sx2766719a, 0, 0
sx3160117b, 0, 0
sx2897790c, 0, 0
sx3066817a, 0, 0
sx2841641b, 0, 0
sx2674027b, 0, 0
sx3010557a, 0, 0
sx3235242c, 0, 0
sx2973150a, 0, 0
sx3066804a, 0, 0
sx2879067a, 0, 0
sx2710530b, 0, 0
sx2748781a, 0, 0
sx3197654a, 0, 0
sx2954361b, 0, 0
sx2935547b, 0, 0
sx3215385a, 0, 0
sx3215385b, 0, 0
sx3215385c, 0, 0
sx2841622a, 0, 0
sx2879062c, 0, 0
sx2917255c, 0, 0
sx3160862c, 0, 0
sx3067447a, 0, 0
sx3179637c, 0, 0
sx2822867b, 0, 0
sx2766741a, 0, 0
sx2897807b, 0, 0
sx2823611a, 0, 0
sx3141398a, 0, 0
sx3235251c, 0, 0
sx2935551c, 0, 0
sx3235252b, 0, 0
sx2917328b, 0, 0
sx2989565a, 0, 0
sx2692655c, 0, 0
sx2861219b, 0, 0
sx2674051a, 0, 0
sx2804249c, 0, 0
sx3030205c, 0, 0
sx3085395a, 0, 0
sx2767409b, 0, 0
sx3217064b, 0, 0
sx2729405b, 0, 0
sx3179699b, 0, 0
sx2898526c, 0, 0
sx2674052c, 0, 0
sx2851933a, 0, 0
sx2851933b, 0, 0
sx2851933c, 0, 0
sx2860492c, 0, 0
sx3197645a, 0, 0
sx3048211a, 0, 0
sx2804253a, 0, 0
sx3178981b, 0, 0
sx2785525c, 0, 0
sx2860483b, 0, 0
sx3141397b, 0, 0
sx3253995c, 0, 0
sx2710536a, 0, 0
sx3197638a, 0, 0
sx2935557a, 0, 0
sx2673311a, 0, 0
sx2729413a, 0, 0
sx3122848c, 0, 0
sx2973169a, 0, 0
sx2822868a, 0, 0
sx2860493a, 0, 0
sx3178976a, 0, 0
sx2673317a, 0, 0
sx2729428a, 0, 0
sx2973159a, 0, 0
sx3254216a, 0, 0
sx2973180b, 0, 0
sx3066816a, 0, 0
sx3216351a, 0, 0
sx2841635a, 0, 0
sx3254217c, 0, 0
sx2822870c, 0, 0
sx2766725c, 0, 0
sx2879078a, 0, 0
sx3048221a, 0, 0
sx2879092c, 0, 0
sx2691954b, 0, 0
sx3104135a, 0, 0
sx2991943c, 0, 0
sx3233353a, 0, 0
sx3141403a, 0, 0
sx2785546a, 0, 0
sx2879087a, 0, 0
sx2785531a, 0, 0
sx3216358a, 0, 0
sx2748139b, 0, 0
sx2935559a, 0, 0
sx3048231b, 0, 0
sx2691959b, 0, 0
sx2731712b, 0, 0
sx3010580b, 0, 0
sx3216361b, 0, 0
sx2879089c, 0, 0
sx3232301c, 0, 0
sx2763811c, 0, 0
sx2970258c, 0, 0
sx2763812c, 0, 0
sx3101194c, 0, 0
sx2916625b, 0, 0
sx2955047a, 0, 0
sx3066830b, 0, 0
sx2673343b, 0, 0
sx2766748a, 0, 0
sx2897801a, 0, 0
sx2897805a, 0, 0
sx3086098a, 0, 0
sx3104155c, 0, 0
sx2710543c, 0, 0
sx2861197c, 0, 0
sx2992657a, 0, 0
sx3254237a, 0, 0
sx2710544a, 0, 0
sx2917359a, 0, 0
sx3122847a, 0, 0
sx3029520b, 0, 0
sx3150961c, 0, 0
sx2684420b, 0, 0
sx2685809a, 0, 0
sx3097861c, 0, 0
sx2798067b, 0, 0
sx2929261a, 0, 0
sx2891575c, 0, 0
sx2685805a, 0, 0
sx3225319b, 0, 0
sx2925506c, 0, 0
sx2983432a, 0, 0
sx2948732b, 0, 0
sx2911069b, 0, 0
sx2724120c, 0, 0
sx2858175a, 0, 0
sx3251807a, 0, 0
sx3231269b, 0, 0
sx3081380a, 0, 0
sx3139103a, 0, 0
sx2876814a, 0, 0
sx3120503a, 0, 0
sx3120504a, 0, 0
sx2875754c, 0, 0
sx3195327a, 0, 0
sx2763407c, 0, 0
sx2688692b, 0, 0
sx2688693c, 0, 0
sx2913406b, 0, 0
sx2989571a, 0, 0
sx2764411c, 0, 0
sx3119793b, 0, 0
sx3251808a, 0, 0
sx3027133a, 0, 0
sx2857591a, 0, 0
sx2726983a, 0, 0
sx3157167a, 0, 0
sx3082993a, 0, 0
sx3120376a, 0, 0
sx2989432b, 0, 0
sx3120484c, 0, 0
sx2820528c, 0, 0
sx2745799c, 0, 0
sx3270814a, 0, 0
sx2801895b, 0, 0
sx2801896b, 0, 0
sx3214055c, 0, 0
sx3195310a, 0, 0
sx3008232b, 0, 0
sx2764399b, 0, 0
sx3027116a, 0, 0
sx2689678b, 0, 0
sx2951995c, 0, 0
sx3139086b, 0, 0
sx2933120c, 0, 0
sx2726973a, 0, 0
sx2820531b, 0, 0
sx3157708c, 0, 0
sx2858166a, 0, 0
sx2764403a, 0, 0
sx2895449c, 0, 0
sx3176656a, 0, 0
sx2820533a, 0, 0
sx2876796a, 0, 0
sx2876797a, 0, 0
sx3157710b, 0, 0
sx2726974b, 0, 0
sx2726975b, 0, 0
sx3195315a, 0, 0
sx3143999a, 0, 0
sx3125349c, 0, 0
sx3181545c, 0, 0
sx3082981c, 0, 0
sx2876798b, 0, 0
sx3008237c, 0, 0
sx2783231b, 0, 0
sx3176660b, 0, 0
sx3082983b, 0, 0
sx2801902b, 0, 0
sx3157718a, 0, 0
sx2745806c, 0, 0
sx3195318b, 0, 0
sx3214071c, 0, 0
sx3214069c, 0, 0
sx3232902a, 0, 0
sx3027122a, 0, 0
sx3082988b, 0, 0
sx3027124c, 0, 0
sx2801909c, 0, 0
sx2914324a, 0, 0
sx2820556a, 0, 0
sx2933135a, 0, 0
sx3139366a, 0, 0
sx2708744b, 0, 0
sx2690187b, 0, 0
sx3233412a, 0, 0
sx3027670b, 0, 0
sx2821087a, 0, 0
sx2990098a, 0, 0
sx3252336b, 0, 0
sx2802480b, 0, 0
sx3233413b, 0, 0
sx3027671a, 0, 0
sx3102286b, 0, 0
sx2802481a, 0, 0
sx3214549a, 0, 0
sx3139598b, 0, 0
sx3214112b, 0, 0
sx3251854a, 0, 0
sx2763072b, 0, 0
sx3172805a, 0, 0
sx3226771a, 0, 0
sx3189190a, 0, 0
sx2896685a, 0, 0
sx2896685b, 0, 0
sx2896685c, 0, 0
sx2937757c, 0, 0
sx2806553c, 0, 0
sx2862616c, 0, 0
sx2746587c, 0, 0
sx2727795c, 0, 0
sx3177665a, 0, 0
sx3046854b, 0, 0
sx3102793b, 0, 0
sx2803199a, 0, 0
sx2803199b, 0, 0
sx2803199c, 0, 0
sx3215203a, 0, 0
sx3215203b, 0, 0
sx3215203c, 0, 0
sx3065665a, 0, 0
sx3177881c, 0, 0
sx3047058a, 0, 0
sx3177894a, 0, 0
sx3140238a, 0, 0
sx2821770a, 0, 0
sx2915534a, 0, 0
sx2690868c, 0, 0
sx2803194c, 0, 0
sx3047073c, 0, 0
sx3065696a, 0, 0
sx2915542a, 0, 0
sx2915542b, 0, 0
sx2915542c, 0, 0
sx3234149a, 0, 0
sx3234149b, 0, 0
sx3234149c, 0, 0
sx2859391b, 0, 0
sx2859403a, 0, 0
sx3215340a, 0, 0
sx3047289a, 0, 0
sx3047289b, 0, 0
sx3047289c, 0, 0
sx3215549b, 0, 0
sx3253570c, 0, 0
sx2972704c, 0, 0
sx3159645a, 0, 0
sx3091052a, 0, 0
sx2916234a, 0, 0
sx3029183b, 0, 0
sx3108449a, 0, 0
sx3103822c, 0, 0
sx2991640c, 0, 0
sx2729206c, 0, 0
sx2897554c, 0, 0
sx2729207c, 0, 0
sx2766499c, 0, 0
sx2878848c, 0, 0
sx3263051c, 0, 0
sx3312692a, 0, 0
sx3315860b, 0, 0
sx3342743c, 0, 0
sx3448661b, 0, 0
sx3552667c, 0, 0
sx3626914c, 0, 0
sx3632979a, 0, 0
sx3645809c, 0, 0
sx3645810c, 0, 0
sx3645811c, 0, 0
sx3645812c, 0, 0
sx3649297a, 0, 0
sx3649298a, 0, 0
sx3649299a, 0, 0
sx3649300a, 0, 0
sx3649301a, 0, 0
sx3649302a, 0, 0
sx3649304a, 0, 0
sx3649305a, 0, 0
sx3649306a, 0, 0
sx3729297a, 0, 0
sx3729298a, 0, 0
sx3727707a, 0, 0
sx3727708a, 0, 0
sx3727709a, 0, 0
sx3727710a, 0, 0
sx3727711a, 0, 0
sx3727712a, 0, 0
sx3728037a, 0, 0
sx3728038a, 0, 0
sx3728039a, 0, 0
sx3728040a, 0, 0
sx3728041a, 0, 0
sx3728042a, 0, 0
sx3728043a, 0, 0
sx3778577c, 0, 0
sx3784018a, 0, 0
